-- MySQL dump 10.13  Distrib 5.7.28, for Linux (x86_64)
--
-- Host: localhost    Database: homestead
-- ------------------------------------------------------
-- Server version	5.7.28-0ubuntu0.18.04.4

/*!40101 SET @OLD_CHARACTER_SET_CLIENT=@@CHARACTER_SET_CLIENT */;
/*!40101 SET @OLD_CHARACTER_SET_RESULTS=@@CHARACTER_SET_RESULTS */;
/*!40101 SET @OLD_COLLATION_CONNECTION=@@COLLATION_CONNECTION */;
/*!40101 SET NAMES utf8 */;
/*!40103 SET @OLD_TIME_ZONE=@@TIME_ZONE */;
/*!40103 SET TIME_ZONE='+00:00' */;
/*!40014 SET @OLD_UNIQUE_CHECKS=@@UNIQUE_CHECKS, UNIQUE_CHECKS=0 */;
/*!40014 SET @OLD_FOREIGN_KEY_CHECKS=@@FOREIGN_KEY_CHECKS, FOREIGN_KEY_CHECKS=0 */;
/*!40101 SET @OLD_SQL_MODE=@@SQL_MODE, SQL_MODE='NO_AUTO_VALUE_ON_ZERO' */;
/*!40111 SET @OLD_SQL_NOTES=@@SQL_NOTES, SQL_NOTES=0 */;

--
-- Table structure for table `categories`
--

DROP TABLE IF EXISTS `categories`;
/*!40101 SET @saved_cs_client     = @@character_set_client */;
/*!40101 SET character_set_client = utf8 */;
CREATE TABLE `categories` (
  `id` bigint(20) unsigned NOT NULL AUTO_INCREMENT,
  `name` varchar(191) COLLATE utf8mb4_unicode_ci NOT NULL,
  `description` varchar(1000) COLLATE utf8mb4_unicode_ci NOT NULL,
  `created_at` timestamp NULL DEFAULT NULL,
  `updated_at` timestamp NULL DEFAULT NULL,
  PRIMARY KEY (`id`)
) ENGINE=InnoDB AUTO_INCREMENT=31 DEFAULT CHARSET=utf8mb4 COLLATE=utf8mb4_unicode_ci;
/*!40101 SET character_set_client = @saved_cs_client */;

--
-- Dumping data for table `categories`
--

LOCK TABLES `categories` WRITE;
/*!40000 ALTER TABLE `categories` DISABLE KEYS */;
INSERT INTO `categories` VALUES (1,'culpa','Quisquam aperiam maiores cum vero aut accusantium doloribus.','2020-01-06 20:36:48','2020-01-06 20:36:48'),(2,'quia','Eveniet earum veniam soluta et. Accusamus beatae repellendus dolorum ut voluptatum illum rerum.','2020-01-06 20:36:48','2020-01-06 20:36:48'),(3,'quas','Officiis iure accusantium rerum quos molestias. Nesciunt fuga laborum cumque deserunt voluptas quidem distinctio molestias.','2020-01-06 20:36:48','2020-01-06 20:36:48'),(4,'eaque','Non dolor recusandae officiis enim esse rerum unde. Exercitationem occaecati cum aut neque ipsa.','2020-01-06 20:36:48','2020-01-06 20:36:48'),(5,'ad','Sunt non officia at fugiat voluptatem quos. Sed ut odio distinctio ut eligendi id ipsum.','2020-01-06 20:36:48','2020-01-06 20:36:48'),(6,'quia','Non non ratione quaerat corporis. Adipisci vel culpa voluptatibus tempora.','2020-01-06 20:36:48','2020-01-06 20:36:48'),(7,'blanditiis','Aut sint tenetur harum reiciendis similique ut pariatur.','2020-01-06 20:36:48','2020-01-06 20:36:48'),(8,'adipisci','Dicta adipisci voluptatem facere. Culpa explicabo molestiae ipsam consequatur et.','2020-01-06 20:36:48','2020-01-06 20:36:48'),(9,'dolores','Doloribus sapiente fuga aliquid adipisci et. Est quasi maiores voluptatem vitae eaque aut qui possimus.','2020-01-06 20:36:48','2020-01-06 20:36:48'),(10,'ut','Autem fugiat corrupti corrupti quis aut non.','2020-01-06 20:36:48','2020-01-06 20:36:48'),(11,'cumque','Similique quis quod ipsam exercitationem.','2020-01-06 20:36:48','2020-01-06 20:36:48'),(12,'ea','Quo cumque eos vel pariatur maiores.','2020-01-06 20:36:48','2020-01-06 20:36:48'),(13,'ad','Iusto pariatur totam doloremque molestiae ea aliquid. Id sunt deleniti alias corrupti impedit.','2020-01-06 20:36:48','2020-01-06 20:36:48'),(14,'omnis','Dolorem architecto voluptatum omnis pariatur quo voluptatem voluptatibus.','2020-01-06 20:36:48','2020-01-06 20:36:48'),(15,'voluptatum','Id qui sed autem totam. Et harum ut nihil itaque earum.','2020-01-06 20:36:48','2020-01-06 20:36:48'),(16,'voluptatum','Voluptate assumenda in officia dolore enim. Perspiciatis quas saepe eaque iste.','2020-01-06 20:36:48','2020-01-06 20:36:48'),(17,'repellat','Sunt ullam ut amet perspiciatis exercitationem aut aspernatur error. Corrupti ut mollitia nulla laborum dicta.','2020-01-06 20:36:48','2020-01-06 20:36:48'),(18,'amet','Ut et sed quae aut sint praesentium. Modi nihil perspiciatis non labore.','2020-01-06 20:36:48','2020-01-06 20:36:48'),(19,'consequatur','Expedita nihil et maxime pariatur harum.','2020-01-06 20:36:48','2020-01-06 20:36:48'),(20,'cum','Odio qui repellat fugit perspiciatis.','2020-01-06 20:36:48','2020-01-06 20:36:48'),(21,'ea','Assumenda cumque ipsum nam quod dolor repudiandae. Et perferendis incidunt eum consequatur et quidem.','2020-01-06 20:36:48','2020-01-06 20:36:48'),(22,'quisquam','Blanditiis accusantium aspernatur voluptatem expedita mollitia possimus est corrupti. Tempore similique facere qui saepe.','2020-01-06 20:36:48','2020-01-06 20:36:48'),(23,'quia','Tenetur quos et et aperiam minus iusto. Quis consequatur voluptatem nobis.','2020-01-06 20:36:48','2020-01-06 20:36:48'),(24,'veritatis','Autem labore vitae omnis dolores omnis quae reiciendis. Tempore quos deleniti necessitatibus libero ducimus in ad sed.','2020-01-06 20:36:48','2020-01-06 20:36:48'),(25,'et','Excepturi soluta tenetur eligendi nobis nihil aut et.','2020-01-06 20:36:48','2020-01-06 20:36:48'),(26,'expedita','Sed architecto omnis neque fugiat deleniti aut voluptas. Maiores sequi illo unde cupiditate labore in.','2020-01-06 20:36:48','2020-01-06 20:36:48'),(27,'dolores','Sint eveniet aut in neque eum dolore.','2020-01-06 20:36:48','2020-01-06 20:36:48'),(28,'adipisci','Ipsum exercitationem aperiam nisi alias. Quis hic et rerum porro.','2020-01-06 20:36:48','2020-01-06 20:36:48'),(29,'ullam','Dolor explicabo et occaecati quia.','2020-01-06 20:36:48','2020-01-06 20:36:48'),(30,'minima','Vitae et unde expedita voluptatem nostrum.','2020-01-06 20:36:48','2020-01-06 20:36:48');
/*!40000 ALTER TABLE `categories` ENABLE KEYS */;
UNLOCK TABLES;

--
-- Table structure for table `category_product`
--

DROP TABLE IF EXISTS `category_product`;
/*!40101 SET @saved_cs_client     = @@character_set_client */;
/*!40101 SET character_set_client = utf8 */;
CREATE TABLE `category_product` (
  `category_id` bigint(20) unsigned NOT NULL,
  `product_id` bigint(20) unsigned NOT NULL,
  KEY `category_product_category_id_foreign` (`category_id`),
  KEY `category_product_product_id_foreign` (`product_id`),
  CONSTRAINT `category_product_category_id_foreign` FOREIGN KEY (`category_id`) REFERENCES `categories` (`id`) ON DELETE CASCADE,
  CONSTRAINT `category_product_product_id_foreign` FOREIGN KEY (`product_id`) REFERENCES `products` (`id`) ON DELETE CASCADE
) ENGINE=InnoDB DEFAULT CHARSET=utf8mb4 COLLATE=utf8mb4_unicode_ci;
/*!40101 SET character_set_client = @saved_cs_client */;

--
-- Dumping data for table `category_product`
--

LOCK TABLES `category_product` WRITE;
/*!40000 ALTER TABLE `category_product` DISABLE KEYS */;
INSERT INTO `category_product` VALUES (1,1),(20,1),(21,1),(1,2),(5,2),(17,2),(25,2),(1,3),(9,3),(17,3),(19,3),(27,3),(14,4),(29,4),(9,5),(1,6),(7,6),(10,6),(21,6),(26,6),(6,7),(10,7),(20,7),(17,8),(19,8),(5,9),(17,9),(30,9),(4,10),(9,10),(10,10),(13,10),(14,10),(7,11),(13,11),(15,11),(28,11),(3,12),(4,12),(7,12),(12,12),(20,12),(5,13),(15,13),(20,13),(6,14),(9,14),(21,14),(25,14),(4,15),(6,15),(16,15),(25,15),(1,16),(19,17),(26,17),(27,17),(28,17),(30,17),(16,18),(19,18),(21,18),(3,19),(9,19),(14,19),(22,20),(10,21),(27,21),(29,21),(7,22),(18,22),(21,22),(28,22),(1,23),(5,23),(6,24),(7,24),(13,24),(16,24),(18,24),(4,25),(8,25),(9,25),(21,25),(10,26),(16,26),(17,26),(28,26),(2,27),(26,27),(10,28),(14,29),(11,30),(18,30),(24,30),(28,30),(16,31),(20,31),(23,31),(27,31),(1,32),(18,32),(27,32),(3,33),(9,33),(13,33),(17,33),(9,34),(26,34),(9,35),(10,36),(28,36),(29,36),(8,37),(25,37),(9,38),(15,38),(30,38),(6,39),(10,39),(13,39),(24,39),(5,40),(7,40),(10,41),(20,41),(28,41),(11,42),(13,42),(15,42),(9,43),(12,43),(21,43),(13,44),(17,44),(19,44),(5,45),(24,45),(30,45),(23,46),(10,47),(17,47),(23,47),(30,47),(2,48),(9,48),(16,48),(17,48),(24,48),(1,49),(7,49),(10,49),(19,49),(27,49),(6,50),(10,50),(26,50),(27,51),(16,52),(25,52),(27,52),(5,53),(23,53),(18,54),(3,55),(7,55),(9,55),(6,56),(11,56),(4,57),(28,57),(26,58),(3,59),(11,59),(12,59),(23,59),(2,60),(12,60),(14,60),(20,60),(21,60),(4,61),(6,61),(10,61),(27,61),(29,61),(2,62),(3,62),(20,62),(22,62),(23,63),(21,64),(24,64),(4,65),(7,65),(8,65),(25,65),(27,65),(3,66),(9,66),(16,66),(18,66),(4,67),(10,68),(12,68),(13,68),(21,68),(29,68),(1,69),(24,69),(4,70),(8,70),(11,70),(3,71),(4,72),(6,72),(16,72),(19,72),(30,72),(24,73),(25,73),(2,74),(3,74),(11,74),(15,74),(21,74),(13,75),(21,75),(9,76),(19,76),(21,76),(14,77),(30,77),(4,78),(26,78),(3,79),(5,79),(13,79),(4,80),(9,80),(17,80),(21,80),(29,80),(9,81),(25,81),(18,82),(4,83),(17,83),(30,83),(3,84),(4,84),(14,84),(21,84),(4,85),(7,85),(8,85),(29,85),(24,86),(27,86),(10,87),(10,88),(19,88),(29,88),(30,88),(9,89),(24,89),(2,90),(3,90),(13,91),(22,91),(1,92),(1,93),(3,93),(19,93),(23,93),(24,93),(3,94),(11,94),(12,94),(21,94),(25,94),(5,95),(12,95),(21,95),(9,96),(11,96),(13,96),(17,96),(4,97),(19,97),(24,97),(29,97),(30,97),(2,98),(3,98),(20,98),(19,99),(20,99),(24,99),(25,99),(16,100),(6,101),(10,101),(14,101),(15,102),(22,102),(24,102),(25,102),(26,102),(22,103),(30,103),(1,104),(3,104),(8,104),(19,104),(15,105),(21,105),(26,105),(28,105),(15,106),(27,106),(12,107),(10,108),(19,108),(30,108),(3,109),(7,109),(17,109),(24,109),(7,110),(19,110),(22,110),(9,111),(12,111),(15,111),(3,112),(4,112),(7,112),(20,112),(3,113),(8,113),(10,113),(15,113),(30,113),(11,114),(19,114),(20,114),(21,114),(11,115),(17,115),(29,115),(5,116),(12,116),(13,116),(25,116),(1,117),(12,117),(6,118),(25,118),(14,119),(17,119),(22,119),(11,120),(16,120),(20,120),(4,121),(8,121),(15,121),(1,122),(3,122),(4,122),(25,122),(29,122),(7,123),(11,123),(14,123),(22,123),(27,123),(8,124),(12,124),(27,124),(30,124),(4,125),(5,125),(6,125),(20,125),(24,125),(26,126),(26,127),(8,128),(20,128),(21,128),(26,128),(3,129),(12,129),(13,129),(17,129),(26,129),(6,130),(2,131),(25,131),(3,132),(5,132),(17,132),(8,133),(14,133),(17,133),(24,133),(1,134),(13,134),(15,134),(17,134),(3,135),(28,135),(3,136),(11,136),(14,136),(18,136),(25,136),(4,137),(14,137),(19,137),(14,138),(23,138),(25,138),(2,139),(16,139),(17,140),(1,141),(13,141),(17,141),(26,141),(27,141),(22,142),(11,143),(19,143),(21,143),(9,144),(22,144),(29,144),(27,145),(5,146),(9,146),(16,146),(19,146),(24,146),(12,147),(24,148),(20,149),(3,150),(9,150),(14,150),(20,150),(24,150),(23,151),(27,151),(29,151),(5,152),(16,153),(4,154),(3,155),(7,156),(15,156),(18,156),(2,157),(10,157),(14,157),(25,157),(13,158),(4,159),(16,159),(24,159),(4,160),(14,160),(25,160),(26,160),(4,161),(11,161),(19,161),(20,161),(1,162),(5,162),(11,163),(21,163),(25,163),(29,163),(12,164),(3,165),(9,165),(21,165),(25,165),(30,165),(19,166),(1,167),(17,168),(28,168),(5,169),(19,169),(29,169),(3,170),(5,170),(8,170),(23,170),(26,171),(13,172),(20,172),(21,172),(26,172),(27,172),(2,173),(22,174),(1,175),(7,175),(29,175),(5,176),(6,176),(25,176),(5,177),(21,177),(23,177),(25,177),(1,178),(19,178),(25,178),(26,178),(29,178),(1,179),(4,179),(15,179),(25,179),(25,180),(4,181),(8,181),(20,181),(6,182),(18,182),(23,182),(3,183),(24,183),(3,184),(4,184),(16,184),(27,184),(29,184),(1,185),(3,185),(4,185),(25,185),(21,186),(24,186),(2,187),(3,187),(9,187),(15,187),(22,187),(16,188),(21,188),(9,189),(15,189),(17,189),(30,189),(9,190),(20,190),(9,191),(19,191),(5,192),(9,192),(13,192),(8,193),(14,193),(11,194),(19,194),(23,194),(2,195),(14,195),(18,195),(23,195),(28,195),(29,196),(30,196),(21,197),(2,198),(5,198),(21,198),(22,198),(25,198),(6,199),(26,199),(15,200),(2,201),(9,201),(23,201),(4,202),(19,202),(30,202),(25,203),(12,204),(23,204),(2,205),(26,205),(29,205),(16,206),(8,207),(13,207),(27,207),(6,208),(26,208),(11,209),(5,210),(16,210),(21,210),(8,211),(1,212),(8,212),(24,212),(27,212),(29,212),(6,213),(7,213),(10,213),(11,213),(19,214),(7,215),(16,215),(18,215),(24,215),(27,215),(7,216),(24,216),(25,216),(27,216),(29,216),(26,217),(13,218),(25,219),(21,220),(24,220),(25,220),(5,221),(9,221),(11,221),(25,221),(26,221),(11,222),(20,222),(21,222),(27,222),(15,223),(16,223),(3,224),(7,225),(13,225),(14,225),(23,225),(28,226),(1,227),(8,227),(20,227),(28,227),(19,228),(10,229),(12,229),(19,229),(22,229),(25,229),(2,230),(28,230),(7,231),(13,231),(17,231),(20,231),(25,231),(23,232),(1,233),(3,233),(5,233),(11,233),(15,233),(1,234),(21,235),(5,236),(1,237),(8,237),(15,237),(19,237),(27,237),(2,238),(7,238),(21,238),(29,238),(15,239),(1,240),(6,240),(11,240),(19,240),(20,240),(6,241),(20,241),(27,241),(5,242),(6,242),(16,242),(8,243),(20,243),(14,244),(15,245),(22,245),(28,245),(23,246),(25,246),(28,246),(29,246),(7,247),(9,247),(11,247),(16,247),(27,247),(4,248),(11,248),(20,248),(4,249),(13,249),(18,249),(21,249),(9,250),(21,250),(28,250),(2,251),(15,251),(2,252),(6,252),(7,252),(25,252),(28,252),(15,253),(18,253),(20,253),(24,253),(30,253),(5,254),(8,254),(21,254),(21,255),(30,255),(24,256),(12,257),(13,257),(30,257),(26,258),(1,259),(16,259),(27,259),(2,260),(8,260),(25,260),(10,261),(4,262),(27,262),(28,262),(7,263),(9,263),(24,263),(27,263),(9,264),(30,264),(3,265),(4,265),(10,265),(13,265),(13,266),(28,266),(13,267),(19,267),(4,268),(18,268),(20,268),(26,268),(4,269),(8,269),(27,269),(30,269),(2,270),(14,270),(16,270),(12,271),(21,271),(8,272),(10,272),(11,272),(18,272),(28,272),(3,273),(16,273),(22,273),(25,273),(5,274),(8,275),(13,275),(24,275),(10,276),(12,276),(28,276),(3,277),(5,277),(14,277),(18,277),(28,277),(8,278),(15,278),(10,279),(18,279),(2,280),(26,280),(1,281),(3,281),(5,281),(12,281),(3,282),(24,282),(26,282),(29,282),(3,283),(7,283),(26,283),(15,284),(26,284),(24,285),(6,286),(21,286),(22,286),(23,286),(24,286),(6,287),(7,287),(18,287),(23,287),(29,287),(12,288),(24,288),(6,289),(23,289),(14,290),(22,290),(9,291),(13,291),(12,292),(10,293),(18,293),(19,293),(28,293),(29,293),(2,294),(3,294),(29,294),(4,295),(9,295),(11,295),(19,295),(5,296),(6,296),(11,296),(8,297),(13,297),(21,297),(6,298),(12,298),(15,298),(26,298),(30,298),(7,299),(23,299),(24,299),(28,299),(8,300),(14,300),(7,301),(23,301),(25,301),(8,302),(12,302),(10,303),(18,303),(27,303),(4,304),(13,304),(14,304),(15,304),(10,305),(13,305),(23,305),(26,305),(29,305),(3,306),(22,306),(4,307),(22,307),(25,307),(29,307),(9,308),(13,308),(15,308),(23,308),(9,309),(11,309),(21,309),(22,309),(6,310),(26,311),(6,312),(8,312),(14,312),(19,312),(25,312),(10,313),(17,313),(2,314),(4,314),(6,314),(11,314),(15,314),(26,315),(28,315),(15,316),(17,316),(6,317),(9,317),(25,317),(26,317),(2,318),(7,319),(8,319),(18,319),(20,319),(24,319),(10,320),(18,320),(12,321),(15,321),(27,321),(30,321),(2,322),(9,322),(19,322),(24,322),(28,322),(15,323),(19,323),(24,323),(26,323),(2,324),(22,325),(1,326),(3,326),(13,326),(12,327),(27,327),(24,328),(6,329),(9,329),(10,329),(3,330),(11,330),(29,330),(17,331),(28,331),(18,332),(8,333),(21,333),(22,333),(24,333),(30,333),(2,334),(17,334),(28,334),(29,334),(23,335),(25,335),(8,336),(12,336),(16,336),(17,336),(18,337),(28,337),(29,337),(8,338),(20,338),(26,338),(27,338),(30,338),(12,339),(15,339),(16,339),(19,339),(6,340),(7,340),(10,340),(14,340),(27,340),(11,341),(27,341),(3,342),(24,342),(6,343),(7,343),(19,343),(22,343),(9,344),(11,344),(21,344),(28,344),(14,345),(16,345),(19,345),(13,346),(15,346),(19,346),(3,347),(5,347),(9,347),(2,348),(5,348),(12,348),(18,348),(28,348),(7,349),(8,349),(3,350),(9,350),(21,350),(24,350),(27,350),(8,351),(19,351),(24,351),(9,352),(23,352),(24,352),(30,352),(10,353),(20,353),(30,353),(4,354),(27,354),(12,355),(23,355),(25,355),(29,355),(9,356),(11,357),(15,357),(30,357),(3,358),(10,358),(17,358),(30,358),(12,359),(21,359),(27,359),(28,359),(29,359),(3,360),(16,360),(17,360),(4,361),(28,361),(1,362),(10,362),(12,362),(13,362),(28,362),(13,363),(14,363),(30,364),(8,365),(10,365),(9,366),(11,366),(27,366),(7,367),(12,367),(20,367),(21,367),(1,368),(18,368),(25,368),(27,368),(29,368),(17,369),(28,369),(22,370),(9,371),(28,371),(29,371),(30,371),(3,372),(12,372),(8,373),(12,374),(13,374),(14,374),(20,374),(27,375),(29,375),(5,376),(18,376),(9,377),(12,377),(15,377),(29,377),(2,378),(9,378),(30,378),(22,379),(23,379),(27,379),(22,380),(26,380),(11,381),(8,382),(9,382),(11,382),(16,382),(3,383),(5,383),(8,383),(25,383),(29,383),(6,384),(8,384),(10,384),(11,384),(22,384),(7,385),(14,385),(7,386),(14,386),(18,386),(22,386),(30,386),(1,387),(5,387),(12,387),(21,387),(23,387),(1,388),(5,388),(15,388),(17,388),(5,389),(9,389),(12,389),(15,389),(5,390),(15,390),(28,390),(30,390),(1,391),(6,391),(24,391),(26,391),(29,391),(3,392),(27,392),(2,393),(14,393),(16,393),(30,393),(4,394),(30,394),(6,395),(12,395),(16,395),(22,395),(10,396),(14,396),(29,396),(3,397),(7,397),(10,397),(28,397),(25,398),(29,398),(30,398),(7,399),(8,399),(23,399),(24,399),(17,400),(11,401),(21,401),(22,401),(5,402),(5,403),(9,403),(19,403),(15,404),(19,404),(5,405),(6,405),(18,405),(6,406),(17,406),(29,406),(3,407),(14,407),(12,408),(25,409),(6,410),(11,410),(16,410),(20,410),(25,410),(13,411),(29,411),(21,412),(30,412),(6,413),(13,413),(18,413),(19,413),(24,413),(3,414),(27,414),(17,415),(5,416),(26,416),(1,417),(4,417),(5,418),(28,418),(2,419),(5,419),(7,419),(10,419),(19,420),(27,420),(9,421),(18,421),(19,421),(23,421),(3,422),(4,422),(21,422),(20,423),(26,423),(15,424),(17,424),(4,425),(20,425),(21,425),(29,425),(16,426),(20,426),(26,426),(29,426),(9,427),(11,427),(14,427),(25,427),(26,427),(8,428),(15,428),(24,428),(11,429),(19,429),(23,430),(27,430),(12,431),(13,431),(7,432),(12,432),(22,432),(27,432),(18,433),(19,433),(20,433),(23,433),(6,434),(15,434),(16,434),(17,434),(18,434),(1,435),(12,435),(14,435),(27,435),(29,435),(4,436),(1,437),(11,437),(22,437),(23,437),(28,437),(8,438),(16,438),(25,439),(11,440),(15,440),(1,441),(8,441),(10,441),(14,441),(21,442),(10,443),(16,443),(21,443),(26,443),(4,444),(10,444),(20,444),(25,444),(23,445),(24,445),(11,446),(1,447),(4,447),(15,447),(30,447),(7,448),(2,449),(6,449),(13,450),(16,450),(20,451),(29,451),(23,452),(28,453),(6,454),(8,454),(27,455),(2,456),(7,456),(9,456),(22,456),(25,456),(10,457),(24,457),(28,457),(9,458),(14,458),(1,459),(14,459),(16,459),(26,459),(28,459),(14,460),(2,461),(3,461),(7,461),(9,461),(2,462),(6,462),(14,462),(4,463),(7,463),(8,463),(17,463),(27,463),(22,464),(23,464),(25,464),(1,465),(11,465),(22,465),(24,465),(3,466),(6,466),(18,466),(18,467),(25,467),(5,468),(8,468),(14,468),(15,468),(21,468),(5,469),(7,470),(19,470),(3,471),(6,471),(7,471),(16,471),(30,471),(4,472),(7,472),(28,472),(29,472),(30,473),(4,474),(26,474),(30,474),(1,475),(3,475),(5,475),(24,475),(9,476),(13,476),(19,476),(1,477),(3,477),(8,477),(18,477),(20,477),(8,478),(15,478),(16,478),(18,478),(27,478),(11,479),(7,480),(16,480),(10,481),(19,481),(4,482),(21,482),(17,483),(18,483),(19,483),(26,483),(12,484),(18,484),(23,484),(3,485),(9,485),(15,485),(26,485),(5,486),(9,486),(23,486),(25,486),(26,487),(5,488),(8,488),(13,488),(25,488),(26,488),(3,489),(4,489),(11,489),(16,489),(25,489),(2,490),(9,490),(14,490),(19,490),(4,491),(9,491),(18,491),(18,492),(28,492),(29,492),(14,493),(17,493),(11,494),(30,494),(6,495),(11,495),(14,495),(28,496),(5,497),(6,497),(11,497),(14,497),(1,498),(20,498),(22,498),(26,498),(27,498),(10,499),(4,500),(28,500),(8,501),(14,501),(19,502),(22,502),(14,503),(17,503),(18,503),(28,503),(11,504),(13,504),(29,504),(1,505),(2,505),(3,505),(6,505),(25,506),(26,506),(8,507),(15,507),(17,507),(20,507),(29,507),(13,508),(26,508),(2,509),(10,509),(12,509),(26,509),(29,509),(18,510),(23,510),(7,511),(24,511),(2,512),(5,512),(21,512),(27,512),(3,513),(25,513),(10,514),(1,515),(2,515),(5,515),(22,515),(4,516),(17,516),(18,516),(23,516),(14,517),(29,517),(1,518),(12,518),(13,518),(21,518),(24,518),(6,519),(18,519),(18,520),(27,520),(14,521),(3,522),(22,522),(25,522),(29,522),(1,523),(2,523),(19,523),(20,523),(3,524),(29,524),(30,524),(11,525),(22,525),(1,526),(11,526),(15,526),(24,526),(26,526),(26,527),(7,528),(23,528),(6,529),(1,530),(2,530),(10,530),(4,531),(8,531),(25,531),(3,532),(10,532),(12,532),(16,532),(29,532),(18,533),(27,533),(30,533),(12,534),(18,534),(24,534),(1,535),(25,535),(29,535),(9,536),(12,536),(13,536),(15,536),(29,536),(18,537),(19,537),(22,537),(6,538),(11,538),(17,539),(29,539),(20,540),(10,541),(11,541),(15,541),(24,541),(25,541),(4,542),(21,542),(15,543),(19,543),(25,543),(28,543),(9,544),(14,544),(20,544),(4,545),(13,545),(16,545),(17,545),(18,545),(2,546),(5,546),(16,546),(21,546),(30,546),(10,547),(15,547),(20,547),(5,548),(17,548),(30,548),(3,549),(8,549),(13,549),(16,549),(26,549),(8,550),(15,550),(27,551),(1,552),(2,552),(23,552),(8,553),(9,553),(12,553),(20,553),(26,553),(8,554),(10,554),(18,554),(22,554),(8,555),(12,555),(22,555),(23,555),(29,555),(5,556),(23,556),(1,557),(3,557),(29,557),(30,557),(12,558),(19,558),(3,559),(11,559),(23,559),(9,560),(23,560),(29,560),(6,561),(10,562),(28,562),(29,562),(3,563),(21,563),(23,563),(24,563),(10,564),(9,565),(12,565),(13,565),(21,565),(7,566),(9,566),(22,566),(29,566),(30,566),(4,567),(11,567),(26,567),(6,568),(20,568),(29,568),(9,569),(10,569),(18,569),(8,570),(6,571),(10,571),(5,572),(6,572),(11,572),(13,573),(17,573),(22,573),(24,573),(4,574),(9,574),(18,574),(21,574),(3,575),(24,575),(25,575),(7,576),(15,576),(18,576),(20,576),(7,577),(28,578),(4,579),(12,580),(20,580),(24,580),(16,581),(20,581),(2,582),(17,582),(18,582),(29,582),(15,583),(16,583),(18,583),(20,584),(29,584),(12,585),(16,585),(24,585),(30,585),(26,586),(2,587),(9,587),(13,587),(15,587),(23,587),(1,588),(11,588),(9,589),(26,589),(1,590),(15,590),(29,590),(6,591),(17,591),(20,591),(26,591),(29,591),(14,592),(1,593),(7,593),(13,594),(5,595),(6,595),(24,595),(29,595),(4,596),(14,596),(17,596),(24,596),(15,597),(19,597),(30,597),(8,598),(23,598),(29,598),(12,599),(14,599),(23,599),(26,599),(13,600),(20,600),(21,600),(29,600),(8,601),(17,601),(15,602),(18,602),(19,602),(28,602),(7,603),(10,603),(26,603),(27,603),(1,604),(3,604),(6,604),(8,604),(23,604),(3,605),(4,605),(22,605),(14,606),(11,607),(14,607),(28,607),(7,608),(9,608),(27,608),(5,609),(28,609),(3,610),(7,610),(12,610),(26,610),(30,610),(3,611),(9,611),(15,611),(24,611),(25,611),(2,612),(8,612),(20,612),(21,612),(21,613),(14,614),(20,614),(21,614),(24,614),(18,615),(12,616),(16,616),(19,616),(22,616),(28,616),(12,617),(29,617),(14,618),(20,618),(28,618),(8,619),(18,619),(26,619),(27,619),(10,620),(13,620),(14,620),(27,620),(30,620),(5,621),(19,621),(22,621),(9,622),(25,622),(24,623),(26,623),(7,624),(21,624),(30,624),(3,625),(8,625),(11,625),(14,625),(7,626),(19,626),(20,626),(26,626),(28,626),(5,627),(9,627),(30,627),(8,628),(11,628),(12,628),(13,628),(17,628),(13,629),(27,629),(9,630),(10,630),(13,630),(18,630),(25,630),(4,631),(21,631),(26,631),(1,632),(10,632),(13,632),(16,632),(29,632),(1,633),(14,633),(28,633),(1,634),(16,634),(20,634),(24,634),(2,635),(11,635),(19,635),(6,636),(3,637),(5,637),(7,637),(12,637),(23,637),(9,638),(25,638),(18,639),(19,639),(22,639),(23,639),(12,640),(23,640),(26,640),(12,641),(21,641),(25,641),(1,642),(2,642),(11,642),(13,642),(21,642),(16,643),(19,644),(29,644),(10,645),(10,646),(30,646),(1,647),(5,647),(16,647),(25,647),(29,647),(3,648),(10,648),(29,648),(2,649),(3,649),(4,649),(9,650),(12,650),(13,650),(23,650),(30,650),(7,651),(16,651),(2,652),(10,652),(11,652),(19,652),(27,652),(5,653),(24,653),(2,654),(12,654),(15,654),(19,654),(29,654),(2,655),(10,655),(12,655),(19,655),(26,655),(4,656),(28,656),(8,657),(9,657),(22,658),(23,658),(26,658),(7,659),(9,659),(18,659),(26,659),(29,660),(11,661),(15,661),(26,661),(6,662),(19,662),(27,662),(12,663),(18,663),(19,663),(20,663),(28,663),(5,664),(17,664),(30,664),(11,665),(24,665),(26,665),(20,666),(24,666),(26,666),(6,667),(21,667),(22,667),(27,667),(28,667),(20,668),(1,669),(30,669),(8,670),(11,670),(13,670),(15,670),(21,670),(5,671),(9,671),(16,671),(17,671),(29,671),(1,672),(17,672),(25,672),(7,673),(21,673),(23,673),(2,674),(7,674),(10,674),(28,674),(30,674),(7,675),(15,675),(19,675),(25,675),(27,675),(25,676),(16,677),(17,677),(19,677),(24,677),(26,677),(1,678),(4,678),(11,678),(7,679),(9,679),(21,679),(7,680),(11,680),(17,680),(20,680),(22,680),(13,681),(16,681),(22,681),(27,682),(28,682),(4,683),(6,683),(13,683),(11,684),(18,684),(26,684),(2,686),(9,686),(24,686),(5,687),(7,687),(8,687),(11,687),(15,687),(12,688),(1,689),(11,689),(12,689),(21,689),(22,689),(6,690),(12,690),(10,691),(11,691),(17,692),(21,692),(22,693),(3,694),(25,694),(16,695),(1,696),(7,696),(11,696),(16,696),(21,696),(2,697),(19,697),(2,698),(5,698),(10,698),(29,698),(10,699),(23,699),(26,699),(13,700),(14,700),(27,700),(29,700),(6,701),(17,701),(23,701),(26,701),(6,702),(7,702),(9,702),(12,702),(29,702),(4,703),(10,703),(23,703),(24,703),(20,704),(2,705),(11,705),(22,705),(30,705),(3,706),(8,706),(5,707),(10,707),(30,707),(10,708),(18,708),(21,708),(27,708),(29,708),(7,709),(10,710),(19,710),(30,710),(20,711),(21,711),(22,711),(7,712),(13,712),(19,712),(1,713),(6,713),(22,713),(25,713),(27,713),(2,714),(5,714),(8,714),(25,714),(2,715),(3,715),(15,715),(13,716),(25,716),(12,717),(30,717),(1,718),(6,718),(7,718),(22,718),(24,718),(1,719),(4,719),(13,719),(20,719),(15,720),(18,720),(23,720),(13,721),(26,721),(4,722),(6,722),(15,722),(16,722),(1,723),(6,723),(11,723),(17,723),(18,723),(18,724),(17,725),(3,726),(4,726),(8,726),(12,726),(14,726),(4,727),(7,727),(8,727),(22,727),(24,727),(5,728),(12,728),(14,728),(22,728),(23,728),(15,729),(16,729),(24,729),(30,729),(11,730),(19,730),(30,730),(12,731),(16,731),(22,731),(4,732),(9,732),(20,732),(25,732),(30,732),(5,733),(14,733),(28,733),(3,734),(12,734),(14,734),(3,735),(24,735),(28,735),(1,736),(13,736),(30,736),(1,737),(2,737),(20,737),(26,737),(28,737),(2,738),(15,738),(20,738),(21,738),(30,738),(6,739),(23,739),(4,740),(20,741),(23,741),(12,742),(13,742),(4,743),(9,743),(11,743),(4,744),(12,744),(22,744),(25,744),(1,745),(4,745),(24,745),(27,745),(28,745),(25,746),(6,747),(17,747),(29,748),(21,749),(25,749),(30,749),(5,750),(16,750),(30,750),(20,751),(2,752),(3,752),(19,753),(26,753),(7,754),(11,754),(16,754),(19,754),(8,755),(20,755),(4,756),(6,756),(23,756),(20,757),(6,758),(9,758),(11,758),(21,758),(24,758),(2,759),(30,759),(5,760),(11,760),(14,760),(22,760),(21,761),(30,761),(5,762),(26,762),(2,763),(7,763),(18,763),(19,763),(22,763),(3,764),(22,764),(11,765),(12,765),(15,765),(23,765),(28,765),(3,766),(8,766),(20,766),(29,766),(7,767),(12,767),(14,767),(16,767),(24,767),(24,768),(3,769),(7,769),(24,769),(1,770),(4,770),(8,770),(11,770),(15,770),(1,771),(13,771),(18,771),(25,771),(29,771),(2,772),(10,772),(14,772),(23,772),(24,772),(22,773),(27,773),(10,774),(11,774),(20,774),(24,774),(29,774),(14,775),(25,775),(1,776),(23,776),(24,776),(30,776),(9,777),(12,777),(24,777),(1,778),(14,778),(15,778),(20,778),(28,778),(5,779),(15,779),(16,779),(17,779),(26,779),(7,780),(11,781),(7,782),(8,782),(14,782),(15,782),(27,782),(21,783),(1,784),(17,784),(15,785),(29,785),(4,786),(7,786),(1,787),(15,787),(19,787),(26,787),(1,788),(10,788),(14,788),(18,789),(21,789),(24,789),(26,789),(14,790),(17,790),(26,790),(27,790),(1,791),(5,791),(10,791),(24,791),(22,792),(24,792),(30,792),(19,793),(19,794),(10,795),(14,795),(15,795),(30,795),(8,796),(14,796),(21,796),(30,796),(23,797),(8,798),(10,798),(20,798),(29,798),(1,799),(11,799),(1,800),(8,800),(28,800),(1,801),(22,801),(30,801),(10,802),(21,802),(29,802),(9,803),(11,803),(19,803),(28,803),(4,804),(11,804),(17,805),(22,805),(26,805),(5,806),(5,807),(9,807),(15,808),(3,809),(4,809),(7,809),(13,809),(23,809),(17,810),(26,810),(29,810),(1,811),(7,811),(12,811),(17,811),(21,811),(17,812),(27,812),(5,813),(6,813),(8,813),(17,813),(23,813),(28,814),(6,815),(7,815),(25,815),(23,816),(29,816),(1,817),(20,817),(2,818),(6,818),(11,819),(28,819),(6,820),(19,820),(30,820),(1,821),(9,821),(18,821),(1,822),(15,822),(17,822),(22,822),(23,822),(5,823),(17,823),(22,823),(28,823),(13,824),(21,824),(9,825),(15,825),(18,825),(24,825),(28,825),(25,826),(5,827),(11,827),(20,827),(23,827),(2,828),(24,828),(5,829),(26,829),(29,829),(5,830),(17,830),(15,831),(28,832),(8,833),(15,833),(25,833),(13,834),(26,834),(29,834),(30,834),(22,835),(5,836),(8,836),(9,837),(10,837),(11,837),(13,837),(19,838),(29,838),(30,838),(20,839),(20,840),(30,840),(12,841),(15,841),(17,841),(26,841),(27,842),(4,843),(5,843),(12,843),(24,843),(30,843),(5,844),(15,844),(20,844),(6,845),(10,845),(18,845),(24,845),(22,846),(1,847),(5,847),(9,847),(21,847),(2,848),(15,848),(19,848),(26,848),(15,849),(19,849),(12,850),(21,850),(24,850),(28,850),(30,850),(1,851),(19,851),(27,851),(30,851),(9,852),(15,853),(6,854),(9,854),(12,854),(19,854),(30,854),(4,855),(19,855),(21,855),(28,855),(4,856),(24,856),(30,856),(9,857),(8,858),(16,858),(22,858),(2,859),(4,859),(28,860),(2,861),(5,861),(15,861),(9,862),(11,862),(18,862),(28,862),(30,862),(13,863),(22,863),(13,864),(20,864),(24,864),(29,864),(10,865),(1,866),(5,866),(6,866),(29,866),(7,867),(18,867),(28,867),(2,868),(5,868),(16,869),(20,869),(24,869),(26,869),(18,870),(25,870),(26,870),(9,871),(12,871),(16,871),(8,872),(17,872),(22,872),(28,872),(29,872),(16,873),(18,873),(20,873),(22,873),(27,873),(23,874),(28,874),(15,875),(22,875),(1,876),(5,876),(16,876),(20,876),(30,876),(1,877),(5,877),(8,877),(15,877),(21,877),(2,878),(6,878),(17,878),(20,878),(21,878),(3,879),(14,879),(18,879),(3,880),(17,880),(18,880),(19,880),(22,880),(27,881),(16,882),(19,882),(21,882),(3,883),(19,883),(20,883),(25,883),(7,884),(28,884),(11,885),(23,886),(7,887),(25,887),(8,888),(21,888),(30,888),(1,889),(2,889),(13,889),(14,889),(27,889),(1,890),(3,890),(25,890),(26,890),(6,891),(11,891),(14,891),(18,891),(5,892),(14,892),(18,892),(30,892),(16,893),(19,893),(15,894),(29,894),(4,895),(6,895),(9,895),(11,895),(7,896),(13,896),(18,896),(21,896),(30,896),(10,897),(12,897),(16,898),(18,898),(19,898),(26,898),(2,899),(11,899),(18,899),(3,900),(4,900),(6,900),(5,901),(18,901),(22,902),(25,902),(9,903),(23,903),(6,904),(28,904),(1,905),(9,905),(13,905),(25,905),(28,905),(30,906),(14,907),(17,907),(21,907),(23,907),(25,907),(8,908),(10,908),(24,908),(6,909),(5,910),(18,910),(25,910),(26,910),(4,911),(14,911),(18,911),(27,911),(29,911),(4,912),(8,912),(10,912),(15,912),(16,912),(18,913),(2,914),(19,914),(30,914),(4,915),(12,915),(17,915),(27,915),(2,916),(15,916),(18,916),(26,916),(28,917),(29,917),(23,918),(29,918),(30,918),(6,919),(15,919),(16,919),(19,919),(29,919),(15,920),(18,920),(29,920),(7,921),(8,922),(23,922),(26,922),(28,922),(19,923),(5,924),(13,925),(15,925),(17,925),(22,925),(5,926),(8,926),(12,926),(17,926),(23,926),(5,927),(15,927),(19,927),(20,927),(22,927),(12,928),(14,928),(20,928),(22,928),(26,928),(1,929),(8,929),(3,930),(25,930),(30,930),(6,931),(6,932),(5,933),(26,933),(1,934),(6,934),(12,934),(20,934),(14,935),(18,935),(1,936),(10,936),(16,936),(15,937),(4,938),(18,938),(19,938),(1,939),(30,939),(29,940),(1,941),(18,941),(21,941),(22,941),(20,942),(21,942),(22,942),(26,942),(2,943),(18,943),(30,943),(14,944),(16,944),(21,944),(1,945),(15,945),(18,945),(30,945),(1,946),(17,946),(10,947),(29,947),(13,948),(14,948),(16,948),(21,948),(8,949),(10,949),(16,949),(19,949),(24,949),(1,950),(3,950),(12,950),(13,950),(10,951),(13,951),(14,951),(6,952),(20,952),(23,952),(24,952),(28,952),(2,953),(12,953),(21,953),(22,953),(6,954),(22,954),(6,955),(14,956),(7,957),(9,957),(10,957),(11,957),(27,957),(21,958),(25,958),(4,959),(21,959),(22,959),(25,960),(13,961),(27,961),(4,962),(15,962),(21,962),(30,962),(18,963),(1,964),(18,964),(30,964),(7,965),(5,966),(26,966),(28,966),(8,967),(11,967),(14,967),(21,967),(4,968),(13,968),(15,969),(6,970),(16,970),(7,971),(23,971),(6,972),(13,972),(20,972),(28,972),(30,972),(17,973),(20,973),(2,974),(21,974),(23,974),(16,975),(21,975),(22,975),(17,976),(1,977),(3,977),(25,977),(28,977),(1,978),(8,978),(11,978),(24,978),(5,979),(20,979),(22,979),(24,979),(30,979),(2,980),(5,980),(14,980),(15,980),(23,980),(1,981),(4,981),(15,981),(23,981),(11,982),(15,982),(26,982),(7,983),(13,983),(15,983),(16,983),(29,984),(7,985),(12,985),(26,985),(1,986),(13,986),(14,986),(17,986),(27,986),(4,987),(8,987),(14,987),(19,987),(15,988),(20,989),(25,989),(20,990),(29,991),(30,991),(5,992),(7,992),(9,992),(14,992),(23,992),(3,993),(4,993),(5,993),(13,993),(13,994),(14,994),(27,994),(8,995),(11,995),(14,995),(21,995),(29,995),(2,996),(9,996),(29,996),(5,997),(20,997),(3,998),(10,998),(29,998),(9,999),(5,1000),(8,1000),(13,1000),(20,1000);
/*!40000 ALTER TABLE `category_product` ENABLE KEYS */;
UNLOCK TABLES;

--
-- Table structure for table `failed_jobs`
--

DROP TABLE IF EXISTS `failed_jobs`;
/*!40101 SET @saved_cs_client     = @@character_set_client */;
/*!40101 SET character_set_client = utf8 */;
CREATE TABLE `failed_jobs` (
  `id` bigint(20) unsigned NOT NULL AUTO_INCREMENT,
  `connection` text COLLATE utf8mb4_unicode_ci NOT NULL,
  `queue` text COLLATE utf8mb4_unicode_ci NOT NULL,
  `payload` longtext COLLATE utf8mb4_unicode_ci NOT NULL,
  `exception` longtext COLLATE utf8mb4_unicode_ci NOT NULL,
  `failed_at` timestamp NOT NULL DEFAULT CURRENT_TIMESTAMP,
  PRIMARY KEY (`id`)
) ENGINE=InnoDB DEFAULT CHARSET=utf8mb4 COLLATE=utf8mb4_unicode_ci;
/*!40101 SET character_set_client = @saved_cs_client */;

--
-- Dumping data for table `failed_jobs`
--

LOCK TABLES `failed_jobs` WRITE;
/*!40000 ALTER TABLE `failed_jobs` DISABLE KEYS */;
/*!40000 ALTER TABLE `failed_jobs` ENABLE KEYS */;
UNLOCK TABLES;

--
-- Table structure for table `migrations`
--

DROP TABLE IF EXISTS `migrations`;
/*!40101 SET @saved_cs_client     = @@character_set_client */;
/*!40101 SET character_set_client = utf8 */;
CREATE TABLE `migrations` (
  `id` int(10) unsigned NOT NULL AUTO_INCREMENT,
  `migration` varchar(191) COLLATE utf8mb4_unicode_ci NOT NULL,
  `batch` int(11) NOT NULL,
  PRIMARY KEY (`id`)
) ENGINE=InnoDB AUTO_INCREMENT=29 DEFAULT CHARSET=utf8mb4 COLLATE=utf8mb4_unicode_ci;
/*!40101 SET character_set_client = @saved_cs_client */;

--
-- Dumping data for table `migrations`
--

LOCK TABLES `migrations` WRITE;
/*!40000 ALTER TABLE `migrations` DISABLE KEYS */;
INSERT INTO `migrations` VALUES (22,'2014_10_12_000000_create_users_table',1),(23,'2014_10_12_100000_create_password_resets_table',1),(24,'2019_08_19_000000_create_failed_jobs_table',1),(25,'2020_01_05_160346_create_categories_table',1),(26,'2020_01_05_160454_create_products_table',1),(27,'2020_01_05_160541_create_tramsactions_table',1),(28,'2020_01_05_190721_category_product_table',1);
/*!40000 ALTER TABLE `migrations` ENABLE KEYS */;
UNLOCK TABLES;

--
-- Table structure for table `password_resets`
--

DROP TABLE IF EXISTS `password_resets`;
/*!40101 SET @saved_cs_client     = @@character_set_client */;
/*!40101 SET character_set_client = utf8 */;
CREATE TABLE `password_resets` (
  `email` varchar(191) COLLATE utf8mb4_unicode_ci NOT NULL,
  `token` varchar(191) COLLATE utf8mb4_unicode_ci NOT NULL,
  `created_at` timestamp NULL DEFAULT NULL,
  KEY `password_resets_email_index` (`email`)
) ENGINE=InnoDB DEFAULT CHARSET=utf8mb4 COLLATE=utf8mb4_unicode_ci;
/*!40101 SET character_set_client = @saved_cs_client */;

--
-- Dumping data for table `password_resets`
--

LOCK TABLES `password_resets` WRITE;
/*!40000 ALTER TABLE `password_resets` DISABLE KEYS */;
/*!40000 ALTER TABLE `password_resets` ENABLE KEYS */;
UNLOCK TABLES;

--
-- Table structure for table `products`
--

DROP TABLE IF EXISTS `products`;
/*!40101 SET @saved_cs_client     = @@character_set_client */;
/*!40101 SET character_set_client = utf8 */;
CREATE TABLE `products` (
  `id` bigint(20) unsigned NOT NULL AUTO_INCREMENT,
  `name` varchar(191) COLLATE utf8mb4_unicode_ci NOT NULL,
  `description` varchar(1000) COLLATE utf8mb4_unicode_ci NOT NULL,
  `quantity` int(10) unsigned NOT NULL,
  `status` varchar(191) COLLATE utf8mb4_unicode_ci NOT NULL DEFAULT 'unavailable',
  `image` varchar(191) COLLATE utf8mb4_unicode_ci NOT NULL,
  `seller_id` bigint(20) unsigned NOT NULL,
  `created_at` timestamp NULL DEFAULT NULL,
  `updated_at` timestamp NULL DEFAULT NULL,
  PRIMARY KEY (`id`),
  KEY `products_seller_id_foreign` (`seller_id`),
  CONSTRAINT `products_seller_id_foreign` FOREIGN KEY (`seller_id`) REFERENCES `users` (`id`) ON DELETE CASCADE
) ENGINE=InnoDB AUTO_INCREMENT=1001 DEFAULT CHARSET=utf8mb4 COLLATE=utf8mb4_unicode_ci;
/*!40101 SET character_set_client = @saved_cs_client */;

--
-- Dumping data for table `products`
--

LOCK TABLES `products` WRITE;
/*!40000 ALTER TABLE `products` DISABLE KEYS */;
INSERT INTO `products` VALUES (1,'tempore','Ducimus cumque aliquam debitis aperiam. Aspernatur et iste animi beatae nesciunt beatae eius quia.',7,'available','test-2.PNG',177,'2020-01-06 20:36:52','2020-01-06 20:36:52'),(2,'quibusdam','Facere dolores explicabo cupiditate amet totam illum.',3,'unavailable','test-3.PNG',115,'2020-01-06 20:36:52','2020-01-06 20:36:52'),(3,'error','Illum neque qui saepe quis totam reiciendis dolorum. Accusantium alias quae libero alias.',1,'available','test-3.PNG',128,'2020-01-06 20:36:52','2020-01-06 20:36:52'),(4,'minima','Quia et dolores eos.',1,'available','test-3.PNG',26,'2020-01-06 20:36:52','2020-01-06 20:36:52'),(5,'velit','Et neque quia provident sed autem aliquid iste. Rerum molestiae et repellendus animi in.',3,'available','test-1.PNG',25,'2020-01-06 20:36:52','2020-01-06 20:36:52'),(6,'provident','Sed sequi iusto modi.',3,'available','test-2.PNG',167,'2020-01-06 20:36:52','2020-01-06 20:36:52'),(7,'rerum','Quia totam dolor aut nesciunt impedit porro. Amet aliquam placeat cumque quis et quae.',9,'unavailable','test-3.PNG',181,'2020-01-06 20:36:52','2020-01-06 20:36:52'),(8,'repudiandae','Similique officia est eaque consectetur.',9,'available','test-3.PNG',94,'2020-01-06 20:36:52','2020-01-06 20:36:52'),(9,'voluptas','Libero voluptatem aut velit magnam magni eos quas.',8,'unavailable','test-2.PNG',119,'2020-01-06 20:36:52','2020-01-06 20:36:52'),(10,'excepturi','Dolores nostrum hic consectetur repellat ratione vero necessitatibus delectus.',9,'available','test-2.PNG',87,'2020-01-06 20:36:52','2020-01-06 20:36:52'),(11,'sit','Et fuga iste et dicta dignissimos hic libero et.',5,'available','test-1.PNG',95,'2020-01-06 20:36:52','2020-01-06 20:36:52'),(12,'ut','Nihil autem harum quam voluptatibus et ipsa libero.',9,'unavailable','test-2.PNG',196,'2020-01-06 20:36:52','2020-01-06 20:36:52'),(13,'voluptatum','Aut mollitia consequuntur excepturi.',7,'unavailable','test-3.PNG',170,'2020-01-06 20:36:52','2020-01-06 20:36:52'),(14,'similique','Laudantium dolorem quia sit earum voluptatibus soluta porro.',5,'unavailable','test-3.PNG',82,'2020-01-06 20:36:52','2020-01-06 20:36:52'),(15,'occaecati','Ut vel autem voluptatem quos aspernatur sunt voluptates.',1,'unavailable','test-3.PNG',26,'2020-01-06 20:36:52','2020-01-06 20:36:52'),(16,'voluptatum','Minima ut rerum nesciunt quisquam voluptatem voluptas totam quibusdam.',3,'available','test-1.PNG',162,'2020-01-06 20:36:52','2020-01-06 20:36:52'),(17,'distinctio','Ratione sint voluptatem eligendi ipsam non occaecati aliquid. Doloremque perferendis veniam amet qui reprehenderit eaque sunt.',4,'unavailable','test-2.PNG',158,'2020-01-06 20:36:52','2020-01-06 20:36:52'),(18,'expedita','Sit laboriosam qui velit illo consequuntur.',10,'available','test-3.PNG',138,'2020-01-06 20:36:52','2020-01-06 20:36:52'),(19,'suscipit','Eaque ut qui ea commodi. Ea ducimus voluptas sed.',10,'available','test-2.PNG',26,'2020-01-06 20:36:52','2020-01-06 20:36:52'),(20,'dignissimos','Perspiciatis eveniet ea officiis. Corporis qui illo sint id nobis.',9,'available','test-3.PNG',91,'2020-01-06 20:36:52','2020-01-06 20:36:52'),(21,'tempore','Ut ex omnis quo eos eum et.',1,'available','test-1.PNG',123,'2020-01-06 20:36:52','2020-01-06 20:36:52'),(22,'nobis','Eos non hic aut tenetur molestiae quis. Et sunt culpa dolorum qui veniam quam.',7,'unavailable','test-1.PNG',155,'2020-01-06 20:36:52','2020-01-06 20:36:52'),(23,'omnis','Dolorem magni provident aut aperiam. Sint quod odio molestiae.',2,'unavailable','test-2.PNG',50,'2020-01-06 20:36:52','2020-01-06 20:36:52'),(24,'placeat','Magni similique consectetur repudiandae rerum quidem sed. Est omnis aperiam praesentium quia optio aut.',2,'available','test-1.PNG',5,'2020-01-06 20:36:52','2020-01-06 20:36:52'),(25,'occaecati','Vel dolore quia modi voluptatem sunt.',4,'unavailable','test-1.PNG',122,'2020-01-06 20:36:52','2020-01-06 20:36:52'),(26,'corporis','Ut sint deserunt fugit non vel labore et.',1,'unavailable','test-1.PNG',91,'2020-01-06 20:36:52','2020-01-06 20:36:52'),(27,'ab','Est quisquam incidunt molestiae libero dicta exercitationem id. Autem et in ut.',1,'available','test-1.PNG',133,'2020-01-06 20:36:52','2020-01-06 20:36:52'),(28,'cum','Quasi esse illo explicabo et veritatis dolorem earum. Nesciunt tenetur voluptas nobis deserunt nemo.',3,'available','test-3.PNG',69,'2020-01-06 20:36:53','2020-01-06 20:36:53'),(29,'deleniti','Occaecati omnis inventore ea.',4,'unavailable','test-1.PNG',140,'2020-01-06 20:36:53','2020-01-06 20:36:53'),(30,'illum','Aliquam sed non inventore reiciendis quis incidunt velit ad. Soluta voluptas hic sint odio eum et fuga.',8,'unavailable','test-1.PNG',159,'2020-01-06 20:36:53','2020-01-06 20:36:53'),(31,'eaque','Deserunt minus quo assumenda veritatis atque ab maxime placeat. Dolor magni ut ut neque.',10,'unavailable','test-2.PNG',143,'2020-01-06 20:36:53','2020-01-06 20:36:53'),(32,'voluptatem','Et ipsa perspiciatis porro consequuntur at aliquid natus aut. Aut laboriosam culpa pariatur quis.',3,'available','test-1.PNG',26,'2020-01-06 20:36:53','2020-01-06 20:36:53'),(33,'inventore','Expedita animi possimus eveniet qui velit animi eveniet et. Voluptas ratione eos dolorem expedita id.',5,'available','test-1.PNG',191,'2020-01-06 20:36:53','2020-01-06 20:36:53'),(34,'harum','Quia velit itaque qui doloribus mollitia eveniet sit hic.',6,'unavailable','test-1.PNG',162,'2020-01-06 20:36:53','2020-01-06 20:36:53'),(35,'ut','Nam beatae quia animi excepturi nihil.',10,'available','test-3.PNG',60,'2020-01-06 20:36:53','2020-01-06 20:36:53'),(36,'voluptatem','Quia rerum distinctio quod a eum.',7,'unavailable','test-2.PNG',186,'2020-01-06 20:36:53','2020-01-06 20:36:53'),(37,'sed','Ipsa rem ea quis accusantium. Unde voluptates voluptas earum voluptatem sunt.',10,'available','test-1.PNG',35,'2020-01-06 20:36:53','2020-01-06 20:36:53'),(38,'ut','Incidunt ut quam odio qui.',8,'unavailable','test-3.PNG',105,'2020-01-06 20:36:53','2020-01-06 20:36:53'),(39,'porro','Quo est aut ullam veniam commodi praesentium sint ad.',8,'unavailable','test-1.PNG',153,'2020-01-06 20:36:53','2020-01-06 20:36:53'),(40,'nam','Assumenda eum ab consequatur est illum quia. Blanditiis tempore quaerat ipsam earum totam voluptas corrupti amet.',1,'unavailable','test-2.PNG',126,'2020-01-06 20:36:53','2020-01-06 20:36:53'),(41,'neque','Sed amet earum enim in.',2,'unavailable','test-1.PNG',193,'2020-01-06 20:36:53','2020-01-06 20:36:53'),(42,'corporis','Ducimus et quaerat quam ipsam eveniet ea sed eos.',6,'unavailable','test-1.PNG',99,'2020-01-06 20:36:53','2020-01-06 20:36:53'),(43,'nesciunt','Assumenda optio adipisci eius voluptates. Delectus sed cupiditate blanditiis ut eaque.',10,'unavailable','test-2.PNG',122,'2020-01-06 20:36:53','2020-01-06 20:36:53'),(44,'iure','Sed temporibus dolor placeat quis blanditiis quisquam.',9,'available','test-1.PNG',21,'2020-01-06 20:36:53','2020-01-06 20:36:53'),(45,'labore','Velit aspernatur qui velit sit officia.',1,'available','test-1.PNG',70,'2020-01-06 20:36:53','2020-01-06 20:36:53'),(46,'tempora','Aut ducimus numquam ut id. Et aut pariatur deserunt quibusdam.',7,'unavailable','test-2.PNG',63,'2020-01-06 20:36:53','2020-01-06 20:36:53'),(47,'sint','Qui harum architecto quasi explicabo eveniet et quam.',7,'unavailable','test-2.PNG',52,'2020-01-06 20:36:53','2020-01-06 20:36:53'),(48,'eaque','Deleniti sint incidunt aut ipsa. Et voluptas voluptates inventore eos ex sequi labore.',8,'unavailable','test-3.PNG',105,'2020-01-06 20:36:53','2020-01-06 20:36:53'),(49,'quos','Commodi id enim eos voluptatem. Deserunt dolor adipisci aliquam qui voluptate quisquam.',1,'unavailable','test-3.PNG',84,'2020-01-06 20:36:53','2020-01-06 20:36:53'),(50,'omnis','Consequuntur velit alias vero in. Et officia minima veniam qui.',10,'unavailable','test-3.PNG',102,'2020-01-06 20:36:53','2020-01-06 20:36:53'),(51,'quo','Ad deserunt maxime consectetur fuga.',2,'available','test-3.PNG',42,'2020-01-06 20:36:53','2020-01-06 20:36:53'),(52,'sit','Molestias enim id consequatur et nulla voluptatem.',2,'available','test-2.PNG',180,'2020-01-06 20:36:53','2020-01-06 20:36:53'),(53,'cupiditate','Possimus in omnis voluptatem et occaecati. Sed explicabo velit laudantium ullam.',8,'unavailable','test-3.PNG',157,'2020-01-06 20:36:53','2020-01-06 20:36:53'),(54,'velit','Quia in autem ut sapiente libero.',7,'available','test-3.PNG',169,'2020-01-06 20:36:53','2020-01-06 20:36:53'),(55,'harum','Est ad ut corporis non aut voluptas.',3,'unavailable','test-1.PNG',132,'2020-01-06 20:36:53','2020-01-06 20:36:53'),(56,'distinctio','Soluta adipisci vitae dolorum sequi mollitia iusto aut.',3,'available','test-1.PNG',188,'2020-01-06 20:36:53','2020-01-06 20:36:53'),(57,'qui','Est rem dolore quo consequatur reprehenderit. Quisquam nemo excepturi qui et nisi.',1,'available','test-1.PNG',188,'2020-01-06 20:36:53','2020-01-06 20:36:53'),(58,'minus','Praesentium explicabo voluptates dolores vel exercitationem.',7,'unavailable','test-1.PNG',103,'2020-01-06 20:36:53','2020-01-06 20:36:53'),(59,'quasi','Vitae dolor eum quibusdam sint aut quibusdam. Dolor quisquam sit temporibus adipisci sed.',4,'available','test-2.PNG',52,'2020-01-06 20:36:53','2020-01-06 20:36:53'),(60,'possimus','Consequatur iure numquam reiciendis itaque.',10,'available','test-2.PNG',20,'2020-01-06 20:36:53','2020-01-06 20:36:53'),(61,'explicabo','Minima nulla possimus aut tenetur omnis eum molestias.',4,'available','test-2.PNG',105,'2020-01-06 20:36:53','2020-01-06 20:36:53'),(62,'aut','Suscipit officia ipsam sint consequatur et est. Sapiente cum perferendis aliquid omnis dolorem quod cupiditate.',1,'unavailable','test-3.PNG',92,'2020-01-06 20:36:53','2020-01-06 20:36:53'),(63,'aperiam','Rerum excepturi nostrum nemo sint et ut.',1,'available','test-2.PNG',70,'2020-01-06 20:36:53','2020-01-06 20:36:53'),(64,'aut','Qui esse inventore est tenetur.',6,'unavailable','test-1.PNG',118,'2020-01-06 20:36:53','2020-01-06 20:36:53'),(65,'sunt','Est earum rerum reiciendis.',7,'available','test-1.PNG',165,'2020-01-06 20:36:53','2020-01-06 20:36:53'),(66,'eveniet','Aut sequi itaque esse voluptate tenetur. Enim consequatur odit impedit odio quas illum ducimus.',5,'unavailable','test-2.PNG',47,'2020-01-06 20:36:53','2020-01-06 20:36:53'),(67,'eum','Ducimus ullam exercitationem numquam illo dignissimos quis. Blanditiis rerum exercitationem qui quam corrupti et qui.',5,'unavailable','test-2.PNG',112,'2020-01-06 20:36:53','2020-01-06 20:36:53'),(68,'aut','Error consectetur enim sint eius.',3,'unavailable','test-2.PNG',197,'2020-01-06 20:36:53','2020-01-06 20:36:53'),(69,'ullam','Illum possimus amet soluta quae et sint provident.',7,'available','test-1.PNG',106,'2020-01-06 20:36:53','2020-01-06 20:36:53'),(70,'aut','Quisquam aperiam labore iure quos reprehenderit quidem. Aut enim accusamus et rerum suscipit ut quidem.',6,'unavailable','test-3.PNG',156,'2020-01-06 20:36:53','2020-01-06 20:36:53'),(71,'nihil','Consequatur qui neque nulla rerum qui. Quod dolor doloremque cumque vel alias molestiae.',8,'available','test-2.PNG',70,'2020-01-06 20:36:53','2020-01-06 20:36:53'),(72,'nihil','Est assumenda perferendis et nihil est. Hic est voluptatum rem.',3,'unavailable','test-2.PNG',162,'2020-01-06 20:36:53','2020-01-06 20:36:53'),(73,'sit','Aut voluptatem nam voluptatem veniam.',1,'unavailable','test-2.PNG',105,'2020-01-06 20:36:53','2020-01-06 20:36:53'),(74,'sapiente','Numquam labore vero adipisci dolor animi atque repellat. Amet quis omnis nobis excepturi distinctio.',6,'available','test-1.PNG',115,'2020-01-06 20:36:53','2020-01-06 20:36:53'),(75,'fuga','Voluptatem ea reiciendis velit est commodi qui debitis.',10,'unavailable','test-1.PNG',65,'2020-01-06 20:36:53','2020-01-06 20:36:53'),(76,'dignissimos','Voluptatem amet corrupti est ad voluptatem quis et.',4,'available','test-3.PNG',105,'2020-01-06 20:36:53','2020-01-06 20:36:53'),(77,'est','Nisi ipsam iure qui culpa sunt.',2,'available','test-3.PNG',56,'2020-01-06 20:36:53','2020-01-06 20:36:53'),(78,'voluptas','Ducimus et quidem sit autem nulla unde maxime. Aliquam ratione consequatur alias laudantium animi et harum.',2,'unavailable','test-2.PNG',56,'2020-01-06 20:36:53','2020-01-06 20:36:53'),(79,'laudantium','Ea magni aut cum temporibus non.',4,'available','test-1.PNG',19,'2020-01-06 20:36:53','2020-01-06 20:36:53'),(80,'eligendi','Incidunt repudiandae nesciunt omnis est at ut nihil eos.',9,'unavailable','test-3.PNG',10,'2020-01-06 20:36:53','2020-01-06 20:36:53'),(81,'ut','Molestias voluptatem perferendis qui veniam temporibus natus. Qui at est ullam ipsa consectetur.',1,'available','test-3.PNG',4,'2020-01-06 20:36:53','2020-01-06 20:36:53'),(82,'labore','Aliquid nemo qui quaerat fugiat ab est. Atque velit consectetur provident rerum eos.',9,'available','test-3.PNG',45,'2020-01-06 20:36:53','2020-01-06 20:36:53'),(83,'enim','Dolores suscipit quo aut molestiae praesentium rerum ipsa. Qui commodi non dolorem ut.',3,'available','test-1.PNG',116,'2020-01-06 20:36:53','2020-01-06 20:36:53'),(84,'beatae','Et sit placeat rerum nihil.',2,'available','test-3.PNG',173,'2020-01-06 20:36:53','2020-01-06 20:36:53'),(85,'est','Magni et pariatur quidem suscipit qui. Quis necessitatibus est et hic totam molestias unde.',9,'available','test-3.PNG',131,'2020-01-06 20:36:53','2020-01-06 20:36:53'),(86,'ducimus','Ut ab officiis dolore velit sit dolorem. Libero et cum consequatur aspernatur.',4,'available','test-2.PNG',166,'2020-01-06 20:36:53','2020-01-06 20:36:53'),(87,'error','Sed et neque neque voluptatem ducimus natus nemo dicta. Non quia voluptas fuga.',3,'available','test-1.PNG',108,'2020-01-06 20:36:53','2020-01-06 20:36:53'),(88,'sed','Nam in itaque expedita aut quia.',7,'unavailable','test-2.PNG',196,'2020-01-06 20:36:53','2020-01-06 20:36:53'),(89,'assumenda','Dolores iste blanditiis quaerat recusandae. Earum sint sapiente et.',8,'unavailable','test-2.PNG',100,'2020-01-06 20:36:53','2020-01-06 20:36:53'),(90,'et','Eum est autem debitis. Architecto reprehenderit est est voluptatem consequuntur distinctio sapiente expedita.',2,'unavailable','test-1.PNG',134,'2020-01-06 20:36:53','2020-01-06 20:36:53'),(91,'impedit','Ex similique totam voluptatem quisquam fugit similique.',3,'available','test-3.PNG',85,'2020-01-06 20:36:53','2020-01-06 20:36:53'),(92,'qui','Aut itaque et delectus consequatur dolor eligendi eligendi.',9,'available','test-1.PNG',94,'2020-01-06 20:36:53','2020-01-06 20:36:53'),(93,'debitis','Eius et distinctio voluptas nihil impedit.',9,'unavailable','test-1.PNG',45,'2020-01-06 20:36:53','2020-01-06 20:36:53'),(94,'neque','Vel in aut harum numquam molestiae libero.',7,'unavailable','test-2.PNG',192,'2020-01-06 20:36:53','2020-01-06 20:36:53'),(95,'eveniet','Beatae autem non cum culpa in aut perferendis.',6,'available','test-1.PNG',197,'2020-01-06 20:36:53','2020-01-06 20:36:53'),(96,'aut','Impedit ipsam natus sunt tempora corrupti tempora deserunt. Nisi eos porro rerum libero dolores vel eaque et.',7,'unavailable','test-1.PNG',165,'2020-01-06 20:36:53','2020-01-06 20:36:53'),(97,'aut','Voluptatem ea dignissimos omnis. Minima corrupti eos et voluptas aspernatur nihil vitae ab.',3,'unavailable','test-3.PNG',151,'2020-01-06 20:36:53','2020-01-06 20:36:53'),(98,'tenetur','Ea cum qui est quis vel.',5,'unavailable','test-1.PNG',89,'2020-01-06 20:36:53','2020-01-06 20:36:53'),(99,'ut','Nam magni aut ratione molestias dolores omnis.',2,'available','test-2.PNG',50,'2020-01-06 20:36:53','2020-01-06 20:36:53'),(100,'possimus','Repudiandae facere cum in ducimus. Error laudantium et ullam aliquam sunt dolorem est qui.',9,'unavailable','test-2.PNG',68,'2020-01-06 20:36:53','2020-01-06 20:36:53'),(101,'natus','Molestiae sit rem pariatur ipsum et odio consequatur. Cumque commodi impedit ea nemo voluptatibus sint.',2,'unavailable','test-1.PNG',38,'2020-01-06 20:36:53','2020-01-06 20:36:53'),(102,'blanditiis','Exercitationem cumque incidunt velit voluptatibus. Quod sequi enim et laborum culpa impedit aliquid.',6,'available','test-3.PNG',81,'2020-01-06 20:36:53','2020-01-06 20:36:53'),(103,'voluptate','Odio placeat facilis minus facilis.',2,'unavailable','test-3.PNG',76,'2020-01-06 20:36:53','2020-01-06 20:36:53'),(104,'error','Error voluptatem minima molestiae vel.',9,'available','test-2.PNG',185,'2020-01-06 20:36:53','2020-01-06 20:36:53'),(105,'animi','Debitis quis assumenda illo quo. Voluptatem ut nam eos et ut.',10,'unavailable','test-2.PNG',12,'2020-01-06 20:36:53','2020-01-06 20:36:53'),(106,'eum','Fuga vero facilis voluptatem cum corrupti. Culpa et tenetur exercitationem aliquid.',6,'unavailable','test-3.PNG',63,'2020-01-06 20:36:53','2020-01-06 20:36:53'),(107,'eos','Excepturi aliquid hic dolorem excepturi et. Nostrum dolor fugiat excepturi aperiam quis.',7,'available','test-2.PNG',108,'2020-01-06 20:36:53','2020-01-06 20:36:53'),(108,'asperiores','Delectus dolore minus iste in reprehenderit aut optio.',3,'unavailable','test-2.PNG',158,'2020-01-06 20:36:53','2020-01-06 20:36:53'),(109,'pariatur','Quis velit quam omnis adipisci eum autem.',9,'available','test-3.PNG',92,'2020-01-06 20:36:53','2020-01-06 20:36:53'),(110,'delectus','Aliquam ratione animi doloremque quas saepe et. Repellendus et ut doloribus quia.',4,'available','test-3.PNG',179,'2020-01-06 20:36:53','2020-01-06 20:36:53'),(111,'quidem','Ducimus id eligendi enim est et consectetur.',4,'available','test-1.PNG',136,'2020-01-06 20:36:53','2020-01-06 20:36:53'),(112,'unde','Id consequatur non et voluptas quo impedit enim blanditiis.',7,'available','test-2.PNG',182,'2020-01-06 20:36:53','2020-01-06 20:36:53'),(113,'porro','Dignissimos velit sint eos eveniet sequi officiis.',6,'unavailable','test-3.PNG',151,'2020-01-06 20:36:53','2020-01-06 20:36:53'),(114,'est','Assumenda quisquam odio optio sint magni iure.',7,'unavailable','test-3.PNG',33,'2020-01-06 20:36:53','2020-01-06 20:36:53'),(115,'ab','Repellat consequatur et voluptatem porro deleniti voluptatibus architecto.',3,'available','test-1.PNG',99,'2020-01-06 20:36:53','2020-01-06 20:36:53'),(116,'neque','Qui recusandae in quia repellendus qui explicabo est facere. Quos iste autem sit soluta.',5,'available','test-1.PNG',146,'2020-01-06 20:36:53','2020-01-06 20:36:53'),(117,'voluptas','Sit in voluptatum excepturi sed quidem.',3,'available','test-1.PNG',111,'2020-01-06 20:36:53','2020-01-06 20:36:53'),(118,'tempora','Temporibus et vitae accusantium ullam sunt.',3,'available','test-3.PNG',99,'2020-01-06 20:36:53','2020-01-06 20:36:53'),(119,'labore','Quia dolores debitis sed ullam. Enim soluta dolor alias.',1,'available','test-2.PNG',84,'2020-01-06 20:36:53','2020-01-06 20:36:53'),(120,'labore','Laudantium quo temporibus harum nihil. Consectetur sed incidunt iusto eos.',9,'available','test-2.PNG',85,'2020-01-06 20:36:53','2020-01-06 20:36:53'),(121,'rerum','Omnis aut labore sunt molestiae.',4,'available','test-2.PNG',180,'2020-01-06 20:36:53','2020-01-06 20:36:53'),(122,'odit','Quos vero qui enim qui. Odit voluptatum qui nostrum error expedita esse sunt.',7,'available','test-3.PNG',156,'2020-01-06 20:36:53','2020-01-06 20:36:53'),(123,'cupiditate','Vel blanditiis et et nemo incidunt dolores et. Eum sint minima velit temporibus.',6,'unavailable','test-3.PNG',8,'2020-01-06 20:36:53','2020-01-06 20:36:53'),(124,'velit','Expedita maiores quia repellat exercitationem non quam et.',9,'available','test-2.PNG',28,'2020-01-06 20:36:53','2020-01-06 20:36:53'),(125,'aut','Quis autem voluptatem eligendi.',9,'available','test-2.PNG',84,'2020-01-06 20:36:53','2020-01-06 20:36:53'),(126,'autem','Et quidem porro iste dolor reiciendis ut. Quis nam qui quod animi et nulla dolorem minima.',3,'unavailable','test-2.PNG',142,'2020-01-06 20:36:53','2020-01-06 20:36:53'),(127,'dolorem','Nostrum nostrum eaque quas dolor minima perspiciatis aut.',2,'available','test-1.PNG',115,'2020-01-06 20:36:53','2020-01-06 20:36:53'),(128,'quam','Ea et commodi laborum ut. Qui sunt nisi non ad libero ut quasi esse.',9,'unavailable','test-3.PNG',175,'2020-01-06 20:36:53','2020-01-06 20:36:53'),(129,'praesentium','Sunt nobis et distinctio nulla tenetur. Omnis at laudantium quia numquam ducimus voluptatum.',6,'unavailable','test-1.PNG',96,'2020-01-06 20:36:53','2020-01-06 20:36:53'),(130,'et','Ut perspiciatis quia laboriosam possimus.',4,'available','test-1.PNG',19,'2020-01-06 20:36:53','2020-01-06 20:36:53'),(131,'veritatis','Qui quae omnis tenetur dolor.',3,'available','test-3.PNG',46,'2020-01-06 20:36:53','2020-01-06 20:36:53'),(132,'et','Consequatur neque voluptatibus cupiditate. Sit non ea non corrupti quibusdam aspernatur.',1,'available','test-2.PNG',24,'2020-01-06 20:36:53','2020-01-06 20:36:53'),(133,'distinctio','Earum atque dolore quia et voluptas autem.',1,'available','test-3.PNG',141,'2020-01-06 20:36:53','2020-01-06 20:36:53'),(134,'eos','Est consequatur necessitatibus facere iusto fuga.',2,'available','test-1.PNG',21,'2020-01-06 20:36:53','2020-01-06 20:36:53'),(135,'commodi','Officiis voluptatem sunt ut.',1,'unavailable','test-2.PNG',122,'2020-01-06 20:36:53','2020-01-06 20:36:53'),(136,'totam','Laboriosam et vel nam nemo suscipit. Vero eos laboriosam suscipit ut.',6,'available','test-2.PNG',14,'2020-01-06 20:36:53','2020-01-06 20:36:53'),(137,'harum','In et rerum quia doloremque.',5,'unavailable','test-2.PNG',158,'2020-01-06 20:36:53','2020-01-06 20:36:53'),(138,'laboriosam','Alias sed atque quae delectus illum.',1,'available','test-3.PNG',110,'2020-01-06 20:36:53','2020-01-06 20:36:53'),(139,'molestias','Adipisci molestiae et doloribus earum reiciendis vitae id.',4,'unavailable','test-2.PNG',196,'2020-01-06 20:36:53','2020-01-06 20:36:53'),(140,'aut','Dolorum dignissimos sit molestiae.',2,'available','test-3.PNG',53,'2020-01-06 20:36:53','2020-01-06 20:36:53'),(141,'accusantium','Modi non debitis iure sed hic perferendis.',7,'available','test-3.PNG',38,'2020-01-06 20:36:53','2020-01-06 20:36:53'),(142,'quo','Voluptas sit et dolores magni quis.',2,'available','test-1.PNG',144,'2020-01-06 20:36:53','2020-01-06 20:36:53'),(143,'deleniti','Quisquam nesciunt provident voluptas provident illo.',4,'unavailable','test-3.PNG',70,'2020-01-06 20:36:53','2020-01-06 20:36:53'),(144,'sed','Itaque aut suscipit aut et itaque sint vero laudantium. Vero quos temporibus rerum earum sed.',5,'unavailable','test-3.PNG',36,'2020-01-06 20:36:53','2020-01-06 20:36:53'),(145,'quod','Deserunt distinctio veritatis et tenetur. Dignissimos sed numquam sit rerum ut esse consequuntur similique.',3,'unavailable','test-3.PNG',155,'2020-01-06 20:36:53','2020-01-06 20:36:53'),(146,'voluptate','Repellendus sit dolores deserunt dolores nisi fugiat quo.',3,'unavailable','test-1.PNG',118,'2020-01-06 20:36:53','2020-01-06 20:36:53'),(147,'enim','Nobis repellat fuga nam et aliquam iusto asperiores. Aperiam facere nam consequatur architecto esse aliquid.',7,'available','test-2.PNG',149,'2020-01-06 20:36:53','2020-01-06 20:36:53'),(148,'vitae','Sit quae quas et et. Ut dolore ipsa nostrum minus esse.',1,'unavailable','test-1.PNG',34,'2020-01-06 20:36:53','2020-01-06 20:36:53'),(149,'aspernatur','Est non aperiam amet aut omnis maiores.',10,'available','test-3.PNG',12,'2020-01-06 20:36:53','2020-01-06 20:36:53'),(150,'doloribus','Quibusdam aliquam sit laudantium earum veritatis.',6,'unavailable','test-1.PNG',198,'2020-01-06 20:36:54','2020-01-06 20:36:54'),(151,'dolorum','Quia veritatis et et quo facere consequuntur hic. Esse eligendi cupiditate perferendis ullam et facere.',2,'unavailable','test-3.PNG',198,'2020-01-06 20:36:54','2020-01-06 20:36:54'),(152,'necessitatibus','Ut voluptatem eligendi error dolores et. Minus aut alias est ratione.',10,'unavailable','test-2.PNG',84,'2020-01-06 20:36:54','2020-01-06 20:36:54'),(153,'dolor','Commodi id rem adipisci aut ut consequatur quae voluptas.',5,'unavailable','test-3.PNG',150,'2020-01-06 20:36:54','2020-01-06 20:36:54'),(154,'magnam','Est officia itaque labore autem. Eum amet qui vel.',8,'available','test-2.PNG',21,'2020-01-06 20:36:54','2020-01-06 20:36:54'),(155,'eos','Molestiae ut et libero rerum provident.',4,'unavailable','test-3.PNG',7,'2020-01-06 20:36:54','2020-01-06 20:36:54'),(156,'qui','Voluptatem amet temporibus eligendi unde saepe.',8,'unavailable','test-1.PNG',150,'2020-01-06 20:36:54','2020-01-06 20:36:54'),(157,'quae','Et sed sint quia ut. Ut non ad iure earum eligendi aliquid officiis.',3,'unavailable','test-2.PNG',106,'2020-01-06 20:36:54','2020-01-06 20:36:54'),(158,'omnis','Ullam possimus veritatis quia libero rerum doloribus quidem.',10,'available','test-3.PNG',148,'2020-01-06 20:36:54','2020-01-06 20:36:54'),(159,'velit','Id quia ad aliquam omnis.',1,'unavailable','test-1.PNG',29,'2020-01-06 20:36:54','2020-01-06 20:36:54'),(160,'quidem','Facilis possimus laboriosam quibusdam repellat molestias.',3,'available','test-1.PNG',85,'2020-01-06 20:36:54','2020-01-06 20:36:54'),(161,'aut','Error quia qui dignissimos et quae. Excepturi odio libero laboriosam magni velit.',7,'unavailable','test-1.PNG',117,'2020-01-06 20:36:54','2020-01-06 20:36:54'),(162,'minima','Quaerat sunt ullam enim eos amet consectetur eum in. Sequi qui quam suscipit magnam.',5,'available','test-2.PNG',117,'2020-01-06 20:36:54','2020-01-06 20:36:54'),(163,'voluptatem','Voluptatem nulla exercitationem suscipit. Adipisci eos quam in voluptatem a.',7,'available','test-1.PNG',165,'2020-01-06 20:36:54','2020-01-06 20:36:54'),(164,'explicabo','Doloremque non ipsa iusto dolorem quasi. Quos nulla quia placeat.',2,'unavailable','test-3.PNG',28,'2020-01-06 20:36:54','2020-01-06 20:36:54'),(165,'adipisci','Nam architecto illum ex aliquid nam voluptatum.',9,'unavailable','test-1.PNG',13,'2020-01-06 20:36:54','2020-01-06 20:36:54'),(166,'officia','Saepe recusandae qui voluptatem aut veniam animi tempore. Officiis dolor sed et esse.',10,'unavailable','test-3.PNG',20,'2020-01-06 20:36:54','2020-01-06 20:36:54'),(167,'delectus','Magni occaecati odit optio ut tenetur rem. Veritatis ut distinctio aut quia repudiandae voluptate.',6,'available','test-3.PNG',112,'2020-01-06 20:36:54','2020-01-06 20:36:54'),(168,'recusandae','Dolor quae sed dolore animi excepturi qui laudantium ipsum.',9,'available','test-2.PNG',65,'2020-01-06 20:36:54','2020-01-06 20:36:54'),(169,'quam','Error molestiae sequi sed debitis. Quibusdam minus quibusdam laudantium quibusdam quod sed.',9,'available','test-1.PNG',25,'2020-01-06 20:36:54','2020-01-06 20:36:54'),(170,'a','Magnam facere voluptatibus repellat eius veniam porro.',5,'available','test-1.PNG',133,'2020-01-06 20:36:54','2020-01-06 20:36:54'),(171,'quo','Nemo quo id nobis. Cupiditate qui quasi adipisci nulla assumenda cum quia pariatur.',2,'unavailable','test-1.PNG',94,'2020-01-06 20:36:54','2020-01-06 20:36:54'),(172,'impedit','Perferendis molestiae dolores excepturi consequuntur. Perferendis harum nemo aliquam debitis.',7,'unavailable','test-2.PNG',60,'2020-01-06 20:36:54','2020-01-06 20:36:54'),(173,'consequatur','Voluptas odio odio tempore ullam quis aut iste.',1,'unavailable','test-3.PNG',3,'2020-01-06 20:36:54','2020-01-06 20:36:54'),(174,'nihil','Illo dolorum facilis consequatur dolorum.',9,'available','test-1.PNG',61,'2020-01-06 20:36:54','2020-01-06 20:36:54'),(175,'dolorem','Inventore nulla ducimus rerum qui. Aliquam laudantium praesentium eaque voluptas adipisci rerum.',9,'available','test-1.PNG',57,'2020-01-06 20:36:54','2020-01-06 20:36:54'),(176,'totam','Et excepturi accusantium fuga enim. Tempore natus quam perferendis.',5,'available','test-3.PNG',148,'2020-01-06 20:36:54','2020-01-06 20:36:54'),(177,'qui','Eos rerum sed porro ut doloremque quis itaque sequi. Debitis excepturi ea necessitatibus quidem nisi earum impedit sit.',3,'unavailable','test-2.PNG',113,'2020-01-06 20:36:54','2020-01-06 20:36:54'),(178,'qui','Enim hic accusamus veritatis inventore at voluptas enim. Dolor exercitationem ut facilis voluptas omnis.',10,'available','test-1.PNG',172,'2020-01-06 20:36:54','2020-01-06 20:36:54'),(179,'vero','Consequatur ut ea cum aut autem.',10,'unavailable','test-1.PNG',194,'2020-01-06 20:36:54','2020-01-06 20:36:54'),(180,'ipsum','Delectus dolor quis magni doloremque.',5,'unavailable','test-1.PNG',100,'2020-01-06 20:36:54','2020-01-06 20:36:54'),(181,'vero','Distinctio non et magni accusamus aliquam vero.',7,'available','test-2.PNG',3,'2020-01-06 20:36:54','2020-01-06 20:36:54'),(182,'error','Iure a illum dolorum aspernatur modi eligendi.',10,'unavailable','test-2.PNG',29,'2020-01-06 20:36:54','2020-01-06 20:36:54'),(183,'qui','Asperiores qui sit enim et voluptas. Praesentium dolores voluptatibus adipisci.',7,'unavailable','test-2.PNG',107,'2020-01-06 20:36:54','2020-01-06 20:36:54'),(184,'aut','Consectetur voluptatem laboriosam nesciunt nihil ullam est vel qui.',9,'unavailable','test-3.PNG',1,'2020-01-06 20:36:54','2020-01-06 20:36:54'),(185,'facilis','Cum natus et quis. Ad ducimus ex ullam qui.',6,'available','test-3.PNG',90,'2020-01-06 20:36:54','2020-01-06 20:36:54'),(186,'qui','Corrupti veniam totam illo ad in quae.',2,'unavailable','test-2.PNG',64,'2020-01-06 20:36:54','2020-01-06 20:36:54'),(187,'ab','Iste ea asperiores nihil inventore. Modi quia sed et eius.',7,'available','test-2.PNG',184,'2020-01-06 20:36:54','2020-01-06 20:36:54'),(188,'occaecati','Quasi ut molestiae ut voluptas aut amet voluptas.',8,'available','test-1.PNG',75,'2020-01-06 20:36:54','2020-01-06 20:36:54'),(189,'earum','Molestiae saepe similique occaecati possimus magni. Distinctio aut facere autem rerum.',2,'unavailable','test-3.PNG',195,'2020-01-06 20:36:54','2020-01-06 20:36:54'),(190,'rerum','Est voluptas iste enim debitis ullam.',2,'available','test-1.PNG',190,'2020-01-06 20:36:54','2020-01-06 20:36:54'),(191,'ut','Accusantium asperiores rerum commodi cum et ut dolor.',2,'unavailable','test-1.PNG',119,'2020-01-06 20:36:54','2020-01-06 20:36:54'),(192,'reprehenderit','Repellendus inventore maxime unde quis assumenda explicabo.',4,'available','test-1.PNG',90,'2020-01-06 20:36:54','2020-01-06 20:36:54'),(193,'libero','Quis aut et iure quas eligendi nemo.',5,'available','test-1.PNG',154,'2020-01-06 20:36:54','2020-01-06 20:36:54'),(194,'consequatur','Veniam debitis facere dolorum mollitia nemo consequatur nisi.',3,'available','test-1.PNG',153,'2020-01-06 20:36:54','2020-01-06 20:36:54'),(195,'quibusdam','Qui illum quidem qui rerum.',9,'unavailable','test-2.PNG',114,'2020-01-06 20:36:54','2020-01-06 20:36:54'),(196,'autem','Quisquam eius facere inventore ut facilis.',6,'available','test-1.PNG',141,'2020-01-06 20:36:54','2020-01-06 20:36:54'),(197,'tempore','Ut quam dolores accusamus fuga odio debitis.',1,'unavailable','test-3.PNG',44,'2020-01-06 20:36:54','2020-01-06 20:36:54'),(198,'quam','Dolorum qui unde ex voluptatibus in officiis. Quod sed vero at sint.',8,'available','test-2.PNG',112,'2020-01-06 20:36:54','2020-01-06 20:36:54'),(199,'laboriosam','Numquam explicabo omnis corrupti nihil eaque cumque.',1,'available','test-1.PNG',180,'2020-01-06 20:36:54','2020-01-06 20:36:54'),(200,'magni','Corporis doloremque ea minima maxime sapiente quo. Temporibus et molestias deleniti consequuntur ut.',6,'available','test-1.PNG',91,'2020-01-06 20:36:54','2020-01-06 20:36:54'),(201,'sed','Exercitationem mollitia quo hic et explicabo.',4,'unavailable','test-1.PNG',20,'2020-01-06 20:36:54','2020-01-06 20:36:54'),(202,'consequuntur','Nobis beatae totam soluta odio aspernatur quam alias. Pariatur rerum dolores aliquam id sapiente sit natus officia.',5,'unavailable','test-3.PNG',43,'2020-01-06 20:36:54','2020-01-06 20:36:54'),(203,'nesciunt','Ut ut cumque suscipit molestiae placeat.',1,'available','test-2.PNG',134,'2020-01-06 20:36:54','2020-01-06 20:36:54'),(204,'odio','Quo voluptatibus dolor dolor molestiae aut veritatis commodi.',7,'available','test-3.PNG',58,'2020-01-06 20:36:54','2020-01-06 20:36:54'),(205,'quis','Deserunt quo iure occaecati quis veritatis. Corporis est similique quo commodi.',9,'unavailable','test-3.PNG',115,'2020-01-06 20:36:54','2020-01-06 20:36:54'),(206,'qui','Vitae autem nam totam excepturi consequatur nulla quo. Aut aspernatur est quo.',9,'available','test-3.PNG',170,'2020-01-06 20:36:54','2020-01-06 20:36:54'),(207,'et','Ducimus itaque nihil provident error.',5,'unavailable','test-3.PNG',16,'2020-01-06 20:36:54','2020-01-06 20:36:54'),(208,'dolore','Sunt iure consequatur accusantium architecto temporibus eos nihil. Eius perspiciatis quo ut autem.',1,'unavailable','test-1.PNG',196,'2020-01-06 20:36:54','2020-01-06 20:36:54'),(209,'non','Consectetur atque aut enim. Minima autem corrupti vitae voluptate autem sint quo.',6,'unavailable','test-3.PNG',11,'2020-01-06 20:36:54','2020-01-06 20:36:54'),(210,'labore','Atque magnam quis aperiam. Modi praesentium ut deleniti fugiat alias inventore est velit.',4,'available','test-3.PNG',166,'2020-01-06 20:36:54','2020-01-06 20:36:54'),(211,'et','Nam consequatur ut nulla est reprehenderit sed.',2,'available','test-2.PNG',155,'2020-01-06 20:36:54','2020-01-06 20:36:54'),(212,'dolore','Nemo doloremque corporis qui numquam qui amet.',6,'unavailable','test-3.PNG',77,'2020-01-06 20:36:54','2020-01-06 20:36:54'),(213,'quidem','Voluptatem sed adipisci dignissimos. Dignissimos sed delectus qui iure quos.',3,'unavailable','test-1.PNG',124,'2020-01-06 20:36:54','2020-01-06 20:36:54'),(214,'esse','Dolorem aliquam quo sint cumque deleniti.',1,'available','test-3.PNG',156,'2020-01-06 20:36:54','2020-01-06 20:36:54'),(215,'perferendis','Non ut sed assumenda itaque blanditiis ex deserunt.',1,'available','test-3.PNG',139,'2020-01-06 20:36:54','2020-01-06 20:36:54'),(216,'ab','Nihil iure ratione saepe inventore quasi aut.',6,'unavailable','test-3.PNG',125,'2020-01-06 20:36:54','2020-01-06 20:36:54'),(217,'sit','Quia totam culpa laudantium sunt doloremque voluptas doloremque ea.',7,'unavailable','test-1.PNG',66,'2020-01-06 20:36:54','2020-01-06 20:36:54'),(218,'eveniet','Rerum maxime sunt repellendus omnis. Et et et est et autem ipsum accusamus.',9,'available','test-2.PNG',10,'2020-01-06 20:36:54','2020-01-06 20:36:54'),(219,'animi','Ut rem qui nulla quod voluptatibus qui.',10,'unavailable','test-3.PNG',128,'2020-01-06 20:36:54','2020-01-06 20:36:54'),(220,'sunt','Mollitia non eius optio est laudantium dolor minima. Rem omnis non accusamus vero.',1,'unavailable','test-1.PNG',158,'2020-01-06 20:36:54','2020-01-06 20:36:54'),(221,'suscipit','Ut quibusdam perferendis inventore adipisci ab.',1,'unavailable','test-1.PNG',14,'2020-01-06 20:36:54','2020-01-06 20:36:54'),(222,'iure','Sed et quis voluptas sit tempore possimus. Alias eos ullam magnam.',5,'unavailable','test-2.PNG',159,'2020-01-06 20:36:54','2020-01-06 20:36:54'),(223,'ducimus','Quisquam culpa sed excepturi accusantium deserunt. Facilis molestias dolor aspernatur deleniti molestiae consequatur ducimus.',1,'available','test-3.PNG',49,'2020-01-06 20:36:54','2020-01-06 20:36:54'),(224,'iusto','Tempora et exercitationem ab aut beatae maiores. Officia consequuntur velit est nam ipsam asperiores delectus fugit.',9,'available','test-3.PNG',111,'2020-01-06 20:36:54','2020-01-06 20:36:54'),(225,'voluptas','Nihil voluptate id iure sint et ut.',4,'available','test-1.PNG',168,'2020-01-06 20:36:54','2020-01-06 20:36:54'),(226,'occaecati','Sed eos voluptas et expedita est beatae. Ratione dolor eius tempore dolore.',8,'unavailable','test-1.PNG',39,'2020-01-06 20:36:54','2020-01-06 20:36:54'),(227,'aperiam','Vel ratione reprehenderit enim quidem temporibus cumque.',6,'available','test-2.PNG',152,'2020-01-06 20:36:54','2020-01-06 20:36:54'),(228,'ipsam','Eligendi soluta et rerum enim nisi sed.',8,'available','test-2.PNG',64,'2020-01-06 20:36:54','2020-01-06 20:36:54'),(229,'officia','Explicabo ea ipsa id expedita. Debitis eaque iure eveniet et voluptate iure quaerat.',10,'available','test-1.PNG',8,'2020-01-06 20:36:54','2020-01-06 20:36:54'),(230,'necessitatibus','Quia et numquam nihil est.',8,'available','test-3.PNG',82,'2020-01-06 20:36:54','2020-01-06 20:36:54'),(231,'dolor','Cum illum nihil aut nisi. Voluptates occaecati qui voluptate.',5,'available','test-1.PNG',151,'2020-01-06 20:36:54','2020-01-06 20:36:54'),(232,'explicabo','Dignissimos qui velit sed non.',3,'unavailable','test-2.PNG',61,'2020-01-06 20:36:54','2020-01-06 20:36:54'),(233,'similique','Quis doloribus mollitia est ut laborum recusandae. Dolorum rerum quisquam enim alias distinctio.',3,'unavailable','test-2.PNG',89,'2020-01-06 20:36:54','2020-01-06 20:36:54'),(234,'placeat','Odio reprehenderit voluptas in sed fugiat quia esse repellendus. Occaecati numquam numquam odio non ab totam.',3,'available','test-1.PNG',27,'2020-01-06 20:36:54','2020-01-06 20:36:54'),(235,'incidunt','Ullam saepe et animi non sint id.',3,'unavailable','test-1.PNG',27,'2020-01-06 20:36:54','2020-01-06 20:36:54'),(236,'illum','Ab ducimus sunt error aut aut. Alias perferendis est minima soluta ea ab.',4,'available','test-1.PNG',111,'2020-01-06 20:36:54','2020-01-06 20:36:54'),(237,'repellat','Pariatur soluta voluptates incidunt animi animi aspernatur. Et itaque quia nostrum.',8,'unavailable','test-3.PNG',139,'2020-01-06 20:36:54','2020-01-06 20:36:54'),(238,'dolor','Eligendi reprehenderit impedit est quod iste id ab ut.',6,'available','test-2.PNG',198,'2020-01-06 20:36:54','2020-01-06 20:36:54'),(239,'et','Aspernatur itaque ratione non totam. Dolorem quia et deserunt et.',2,'unavailable','test-2.PNG',173,'2020-01-06 20:36:54','2020-01-06 20:36:54'),(240,'autem','Mollitia atque mollitia neque vel eligendi similique totam. Ut labore nulla iusto quas nostrum.',8,'available','test-3.PNG',160,'2020-01-06 20:36:54','2020-01-06 20:36:54'),(241,'iste','Cum optio cumque error assumenda.',10,'unavailable','test-2.PNG',54,'2020-01-06 20:36:54','2020-01-06 20:36:54'),(242,'quia','Doloremque voluptates corrupti in qui suscipit ipsam.',3,'available','test-2.PNG',21,'2020-01-06 20:36:54','2020-01-06 20:36:54'),(243,'quis','Explicabo sit voluptatem ratione in voluptatem voluptas.',1,'unavailable','test-1.PNG',24,'2020-01-06 20:36:54','2020-01-06 20:36:54'),(244,'aut','Facilis eum repellat aliquam quibusdam quibusdam. Enim earum adipisci ipsam et.',4,'unavailable','test-1.PNG',129,'2020-01-06 20:36:54','2020-01-06 20:36:54'),(245,'aut','Aspernatur similique qui expedita maxime.',8,'available','test-1.PNG',131,'2020-01-06 20:36:54','2020-01-06 20:36:54'),(246,'provident','Eveniet et magnam totam error natus. Dicta error similique est doloremque quos.',2,'available','test-3.PNG',148,'2020-01-06 20:36:54','2020-01-06 20:36:54'),(247,'quaerat','Eos ut sunt qui voluptas adipisci corporis.',2,'available','test-2.PNG',161,'2020-01-06 20:36:54','2020-01-06 20:36:54'),(248,'quibusdam','Quas animi inventore natus rerum facere. Aliquid ipsam molestiae magni animi aut dolore.',2,'available','test-2.PNG',13,'2020-01-06 20:36:54','2020-01-06 20:36:54'),(249,'eum','Sit repellat quidem corrupti et voluptates quis.',4,'available','test-2.PNG',47,'2020-01-06 20:36:54','2020-01-06 20:36:54'),(250,'sed','Hic amet veniam nihil maxime consectetur sed.',10,'available','test-1.PNG',11,'2020-01-06 20:36:54','2020-01-06 20:36:54'),(251,'ipsam','Debitis dolore mollitia nihil autem dolorum eos. Dicta commodi repellat vel sint.',10,'available','test-3.PNG',34,'2020-01-06 20:36:54','2020-01-06 20:36:54'),(252,'autem','Soluta unde dolor quod atque qui eaque facere. Itaque consequuntur sunt quibusdam id id ex.',10,'unavailable','test-1.PNG',26,'2020-01-06 20:36:54','2020-01-06 20:36:54'),(253,'doloribus','Et architecto consequatur maiores autem.',1,'available','test-2.PNG',144,'2020-01-06 20:36:54','2020-01-06 20:36:54'),(254,'blanditiis','Labore sint quasi ut dolorem suscipit consequuntur assumenda.',2,'unavailable','test-1.PNG',198,'2020-01-06 20:36:54','2020-01-06 20:36:54'),(255,'reprehenderit','Enim voluptas sunt placeat.',5,'unavailable','test-1.PNG',34,'2020-01-06 20:36:54','2020-01-06 20:36:54'),(256,'vel','Quibusdam quas omnis itaque ut. Quis libero velit labore architecto.',6,'available','test-2.PNG',85,'2020-01-06 20:36:54','2020-01-06 20:36:54'),(257,'tempore','Unde ut voluptatem recusandae.',8,'available','test-2.PNG',193,'2020-01-06 20:36:55','2020-01-06 20:36:55'),(258,'consequatur','Sint quia rerum illo dolorem autem. Temporibus eveniet tempora omnis nihil.',3,'unavailable','test-2.PNG',165,'2020-01-06 20:36:55','2020-01-06 20:36:55'),(259,'aliquam','Ut earum doloribus dolorum numquam reprehenderit. Quis voluptas et architecto et ut.',1,'unavailable','test-1.PNG',61,'2020-01-06 20:36:55','2020-01-06 20:36:55'),(260,'dolorem','Autem possimus enim nihil facilis dolorem minima nihil. Quia sunt magni molestiae hic facilis.',1,'unavailable','test-2.PNG',197,'2020-01-06 20:36:55','2020-01-06 20:36:55'),(261,'nostrum','Iusto ut saepe ab sit dignissimos natus eos.',7,'unavailable','test-1.PNG',96,'2020-01-06 20:36:55','2020-01-06 20:36:55'),(262,'dolorem','Hic consequatur maiores porro ullam excepturi voluptas sit.',6,'unavailable','test-1.PNG',34,'2020-01-06 20:36:55','2020-01-06 20:36:55'),(263,'voluptates','Natus praesentium eaque cupiditate enim doloribus ut ipsa ratione. Veniam id et rerum omnis quis eveniet.',8,'available','test-3.PNG',62,'2020-01-06 20:36:55','2020-01-06 20:36:55'),(264,'rerum','Ut amet voluptas est nemo aut dolorum ea. Molestiae harum necessitatibus est aut et quis.',3,'available','test-2.PNG',109,'2020-01-06 20:36:55','2020-01-06 20:36:55'),(265,'neque','Sapiente iusto commodi deserunt. Tempora est nostrum commodi earum.',2,'available','test-3.PNG',60,'2020-01-06 20:36:55','2020-01-06 20:36:55'),(266,'at','Sed optio sed sapiente voluptatem quis voluptatem. Tempora id omnis quibusdam est qui et blanditiis.',1,'available','test-1.PNG',67,'2020-01-06 20:36:55','2020-01-06 20:36:55'),(267,'molestiae','Officia culpa quia est. Amet quisquam iste officia non inventore sit quis qui.',5,'unavailable','test-1.PNG',107,'2020-01-06 20:36:55','2020-01-06 20:36:55'),(268,'libero','Cum repellat culpa rerum. Voluptas facere nulla doloribus eius qui qui facere.',4,'unavailable','test-2.PNG',14,'2020-01-06 20:36:55','2020-01-06 20:36:55'),(269,'similique','Consectetur sed et aspernatur quos cumque ut quam.',4,'unavailable','test-2.PNG',187,'2020-01-06 20:36:55','2020-01-06 20:36:55'),(270,'sequi','Illo voluptatem necessitatibus est facilis velit perspiciatis sint dolores.',9,'unavailable','test-1.PNG',129,'2020-01-06 20:36:55','2020-01-06 20:36:55'),(271,'aut','Dolores ab nihil sit et vel officia quis.',7,'unavailable','test-1.PNG',64,'2020-01-06 20:36:55','2020-01-06 20:36:55'),(272,'omnis','Dolorem at labore accusamus et.',2,'available','test-1.PNG',137,'2020-01-06 20:36:55','2020-01-06 20:36:55'),(273,'ex','Perferendis voluptas reprehenderit architecto architecto sunt. Consequatur ut nihil voluptatem voluptate.',3,'available','test-2.PNG',80,'2020-01-06 20:36:55','2020-01-06 20:36:55'),(274,'ut','Beatae occaecati quia facilis impedit adipisci et quis dolores.',2,'available','test-2.PNG',115,'2020-01-06 20:36:55','2020-01-06 20:36:55'),(275,'excepturi','Provident dolore reiciendis nesciunt nam.',6,'unavailable','test-3.PNG',7,'2020-01-06 20:36:55','2020-01-06 20:36:55'),(276,'quae','Voluptas et expedita ut minima aspernatur.',2,'available','test-2.PNG',110,'2020-01-06 20:36:55','2020-01-06 20:36:55'),(277,'veniam','Aut at deleniti vel. A doloremque illo error placeat.',8,'available','test-1.PNG',74,'2020-01-06 20:36:55','2020-01-06 20:36:55'),(278,'dolorem','Laboriosam ea magni minima dolores nam sunt excepturi.',6,'available','test-3.PNG',69,'2020-01-06 20:36:55','2020-01-06 20:36:55'),(279,'praesentium','Ea est autem culpa. Assumenda assumenda aliquid et eveniet autem amet.',1,'available','test-3.PNG',168,'2020-01-06 20:36:55','2020-01-06 20:36:55'),(280,'ipsam','Eum eveniet omnis quam dolores. Quidem architecto cumque doloremque laboriosam voluptatem aut ex.',4,'available','test-1.PNG',129,'2020-01-06 20:36:55','2020-01-06 20:36:55'),(281,'optio','Earum dolores animi quia et vitae voluptas quo. Repudiandae quia libero non accusantium.',10,'unavailable','test-1.PNG',167,'2020-01-06 20:36:55','2020-01-06 20:36:55'),(282,'rerum','Omnis est dicta dolor.',1,'available','test-1.PNG',85,'2020-01-06 20:36:55','2020-01-06 20:36:55'),(283,'quas','Dignissimos dicta in eos ut.',9,'available','test-2.PNG',103,'2020-01-06 20:36:55','2020-01-06 20:36:55'),(284,'sint','Est quam in ea esse eum quis dolorum a.',5,'unavailable','test-1.PNG',128,'2020-01-06 20:36:55','2020-01-06 20:36:55'),(285,'quisquam','Suscipit ipsa accusamus voluptate aut exercitationem sed.',9,'available','test-3.PNG',60,'2020-01-06 20:36:55','2020-01-06 20:36:55'),(286,'dolore','Et dolore sunt et consequatur.',8,'unavailable','test-2.PNG',190,'2020-01-06 20:36:55','2020-01-06 20:36:55'),(287,'et','Quis sunt perferendis saepe odio quia autem.',6,'available','test-3.PNG',13,'2020-01-06 20:36:55','2020-01-06 20:36:55'),(288,'esse','Praesentium debitis ipsum a inventore at et. Et exercitationem nulla vero debitis aspernatur deleniti.',9,'unavailable','test-3.PNG',15,'2020-01-06 20:36:55','2020-01-06 20:36:55'),(289,'est','Voluptas placeat veniam sequi libero. Consectetur cumque illum quis unde eligendi in delectus.',4,'available','test-1.PNG',14,'2020-01-06 20:36:55','2020-01-06 20:36:55'),(290,'distinctio','Quaerat iste enim perferendis. Dolore omnis dignissimos ut ab omnis sunt consequatur ullam.',3,'unavailable','test-2.PNG',110,'2020-01-06 20:36:55','2020-01-06 20:36:55'),(291,'voluptas','Est quo et aperiam ut repellat a.',1,'available','test-3.PNG',173,'2020-01-06 20:36:55','2020-01-06 20:36:55'),(292,'nesciunt','Aut a mollitia enim.',6,'available','test-3.PNG',39,'2020-01-06 20:36:55','2020-01-06 20:36:55'),(293,'enim','Quia temporibus unde ut. Perferendis sunt non alias sapiente dolorem commodi ea.',1,'unavailable','test-1.PNG',168,'2020-01-06 20:36:55','2020-01-06 20:36:55'),(294,'et','Et sunt officia odit porro cum veritatis. Aut rerum perferendis nihil voluptatem ipsum.',7,'unavailable','test-3.PNG',100,'2020-01-06 20:36:55','2020-01-06 20:36:55'),(295,'debitis','Quo quibusdam accusamus est sed qui et eos.',5,'available','test-1.PNG',115,'2020-01-06 20:36:55','2020-01-06 20:36:55'),(296,'molestiae','Ut reprehenderit voluptatem sit velit eaque pariatur tenetur. Perspiciatis esse dolorem doloremque non aut autem sit.',1,'unavailable','test-2.PNG',38,'2020-01-06 20:36:55','2020-01-06 20:36:55'),(297,'consequuntur','Laboriosam voluptatem neque dolorem aspernatur mollitia.',1,'unavailable','test-2.PNG',145,'2020-01-06 20:36:55','2020-01-06 20:36:55'),(298,'velit','Sed quia aut itaque aut corporis quo vero.',1,'unavailable','test-2.PNG',74,'2020-01-06 20:36:55','2020-01-06 20:36:55'),(299,'veniam','Qui porro voluptatem esse et. Nihil similique cupiditate facere minima aut consectetur iste.',7,'unavailable','test-1.PNG',131,'2020-01-06 20:36:55','2020-01-06 20:36:55'),(300,'consectetur','Asperiores ipsum aut nisi occaecati asperiores id doloribus. Quia eum non sapiente dolorem est ipsam sed.',4,'unavailable','test-3.PNG',152,'2020-01-06 20:36:55','2020-01-06 20:36:55'),(301,'non','In nobis quidem consequuntur veniam quia repudiandae. Consequatur nihil quia sed qui quos velit.',4,'available','test-3.PNG',170,'2020-01-06 20:36:55','2020-01-06 20:36:55'),(302,'omnis','Soluta molestiae quia mollitia consequatur.',3,'available','test-3.PNG',157,'2020-01-06 20:36:55','2020-01-06 20:36:55'),(303,'quis','Qui tenetur sed beatae est.',4,'unavailable','test-2.PNG',100,'2020-01-06 20:36:55','2020-01-06 20:36:55'),(304,'ab','Eos esse dolore occaecati suscipit et praesentium culpa. Commodi similique similique consequatur voluptatem ut reiciendis necessitatibus magnam.',2,'unavailable','test-1.PNG',19,'2020-01-06 20:36:55','2020-01-06 20:36:55'),(305,'accusantium','Doloremque illum ea est consequatur exercitationem voluptatibus unde. Dolore voluptate sequi quia corrupti.',10,'available','test-3.PNG',150,'2020-01-06 20:36:55','2020-01-06 20:36:55'),(306,'tenetur','Non sequi dolorem minus est consectetur corrupti. Similique occaecati aperiam eaque in.',10,'unavailable','test-3.PNG',162,'2020-01-06 20:36:55','2020-01-06 20:36:55'),(307,'sint','Cumque nihil velit fuga temporibus.',8,'unavailable','test-1.PNG',68,'2020-01-06 20:36:55','2020-01-06 20:36:55'),(308,'harum','Doloremque inventore odio nisi et provident aut. Rerum dolor aperiam ipsum eius quia recusandae nihil.',2,'unavailable','test-2.PNG',113,'2020-01-06 20:36:55','2020-01-06 20:36:55'),(309,'eius','Placeat eligendi dolor enim reiciendis aspernatur voluptatem. Alias aperiam in nihil nam cum aut non quam.',1,'available','test-1.PNG',95,'2020-01-06 20:36:55','2020-01-06 20:36:55'),(310,'aspernatur','Non nobis sed expedita modi deserunt id.',8,'unavailable','test-3.PNG',154,'2020-01-06 20:36:55','2020-01-06 20:36:55'),(311,'enim','Ab recusandae iusto quae commodi officia delectus. Laudantium earum qui magni et sint.',3,'available','test-1.PNG',115,'2020-01-06 20:36:55','2020-01-06 20:36:55'),(312,'nisi','Recusandae aspernatur repudiandae distinctio. Blanditiis et consequatur doloribus qui velit.',1,'unavailable','test-1.PNG',161,'2020-01-06 20:36:55','2020-01-06 20:36:55'),(313,'similique','Doloribus molestiae facere quia omnis quia officiis quaerat rerum. Et optio minus modi et.',8,'unavailable','test-3.PNG',67,'2020-01-06 20:36:55','2020-01-06 20:36:55'),(314,'est','Repellat vero voluptas iste. Animi quidem quia sint illo omnis.',9,'available','test-2.PNG',199,'2020-01-06 20:36:55','2020-01-06 20:36:55'),(315,'reiciendis','Laudantium voluptatum atque aut accusamus in.',7,'available','test-2.PNG',76,'2020-01-06 20:36:55','2020-01-06 20:36:55'),(316,'deleniti','Id voluptatem laboriosam et omnis velit sapiente eum.',3,'unavailable','test-3.PNG',55,'2020-01-06 20:36:55','2020-01-06 20:36:55'),(317,'autem','Quibusdam porro rerum assumenda consequatur eos inventore. Itaque nam vero aut magnam numquam a.',7,'available','test-2.PNG',159,'2020-01-06 20:36:55','2020-01-06 20:36:55'),(318,'fuga','Nihil qui non vel consequatur autem.',6,'unavailable','test-2.PNG',152,'2020-01-06 20:36:55','2020-01-06 20:36:55'),(319,'rerum','Saepe ab dolores cupiditate dolorum est ut cum explicabo.',2,'available','test-3.PNG',8,'2020-01-06 20:36:55','2020-01-06 20:36:55'),(320,'magni','Sint nemo sunt consequuntur ullam harum suscipit suscipit.',3,'unavailable','test-1.PNG',190,'2020-01-06 20:36:55','2020-01-06 20:36:55'),(321,'incidunt','In eum autem aliquid laboriosam est ducimus.',8,'unavailable','test-2.PNG',103,'2020-01-06 20:36:55','2020-01-06 20:36:55'),(322,'facilis','Similique architecto deserunt in sit aut voluptate. Sunt ad quia soluta libero dolor dolor.',9,'available','test-2.PNG',32,'2020-01-06 20:36:55','2020-01-06 20:36:55'),(323,'modi','Incidunt dolores recusandae culpa maxime nesciunt. Ut sed et inventore accusamus.',6,'available','test-2.PNG',83,'2020-01-06 20:36:55','2020-01-06 20:36:55'),(324,'qui','Omnis incidunt delectus repellendus est ratione ducimus.',4,'available','test-2.PNG',78,'2020-01-06 20:36:55','2020-01-06 20:36:55'),(325,'qui','Corporis aut quaerat totam.',5,'available','test-1.PNG',115,'2020-01-06 20:36:55','2020-01-06 20:36:55'),(326,'natus','Repellendus dolore animi ad et sed ea.',5,'available','test-2.PNG',158,'2020-01-06 20:36:55','2020-01-06 20:36:55'),(327,'dignissimos','Veniam mollitia numquam et velit occaecati voluptatem. Neque eum quaerat vel ut nemo sunt ipsa.',7,'unavailable','test-2.PNG',156,'2020-01-06 20:36:55','2020-01-06 20:36:55'),(328,'necessitatibus','Ipsam numquam fugit id culpa nihil dignissimos. Et et ad tempore at perspiciatis.',6,'unavailable','test-3.PNG',87,'2020-01-06 20:36:55','2020-01-06 20:36:55'),(329,'ratione','Tempora perspiciatis minus quo quia voluptatem. Dolorem praesentium ipsum id.',3,'unavailable','test-3.PNG',26,'2020-01-06 20:36:55','2020-01-06 20:36:55'),(330,'non','Libero reiciendis iusto vitae libero. Pariatur nihil nesciunt et ea ab vel.',10,'available','test-2.PNG',106,'2020-01-06 20:36:55','2020-01-06 20:36:55'),(331,'qui','Amet illum qui rerum.',4,'unavailable','test-3.PNG',78,'2020-01-06 20:36:55','2020-01-06 20:36:55'),(332,'quisquam','Aut et sequi voluptate molestiae inventore. Ex aut consequatur dolorem numquam.',9,'available','test-3.PNG',76,'2020-01-06 20:36:55','2020-01-06 20:36:55'),(333,'laboriosam','Qui earum maiores dicta sit aut. Deserunt voluptate voluptatem dicta est doloribus error.',1,'available','test-3.PNG',154,'2020-01-06 20:36:55','2020-01-06 20:36:55'),(334,'recusandae','Laboriosam quas amet unde consectetur.',5,'unavailable','test-2.PNG',89,'2020-01-06 20:36:55','2020-01-06 20:36:55'),(335,'deleniti','Et sed culpa id cum temporibus id nostrum.',9,'unavailable','test-3.PNG',46,'2020-01-06 20:36:55','2020-01-06 20:36:55'),(336,'dolores','Neque voluptas aut facere beatae consequatur et et. Minima voluptatem autem doloribus excepturi voluptatem maxime.',1,'available','test-2.PNG',54,'2020-01-06 20:36:55','2020-01-06 20:36:55'),(337,'aut','Et velit sed fugiat porro repellendus harum.',2,'available','test-1.PNG',177,'2020-01-06 20:36:55','2020-01-06 20:36:55'),(338,'libero','Quis unde ut dignissimos sint debitis similique possimus id. Odio veritatis officia eum aut.',6,'unavailable','test-1.PNG',80,'2020-01-06 20:36:55','2020-01-06 20:36:55'),(339,'quam','Quidem est voluptatem id perferendis.',9,'unavailable','test-2.PNG',73,'2020-01-06 20:36:55','2020-01-06 20:36:55'),(340,'optio','Animi omnis vitae necessitatibus qui culpa quod ut quam.',3,'unavailable','test-1.PNG',78,'2020-01-06 20:36:55','2020-01-06 20:36:55'),(341,'nemo','Quasi quia nobis iusto. Est at est enim atque minus autem voluptates.',6,'unavailable','test-2.PNG',90,'2020-01-06 20:36:55','2020-01-06 20:36:55'),(342,'id','Quisquam at consequatur in fuga reprehenderit et quam soluta. Fugiat nemo natus est nostrum nemo suscipit.',9,'available','test-2.PNG',162,'2020-01-06 20:36:55','2020-01-06 20:36:55'),(343,'aut','Quaerat aut quaerat itaque dolore repellendus hic.',6,'available','test-3.PNG',155,'2020-01-06 20:36:55','2020-01-06 20:36:55'),(344,'beatae','Eveniet nisi commodi atque necessitatibus qui dignissimos. Voluptas eveniet eveniet iste nemo.',2,'unavailable','test-3.PNG',138,'2020-01-06 20:36:55','2020-01-06 20:36:55'),(345,'molestias','Autem odit aliquam cupiditate debitis. Sed nihil tempore quaerat et velit.',7,'unavailable','test-1.PNG',50,'2020-01-06 20:36:55','2020-01-06 20:36:55'),(346,'reiciendis','Ratione dolor sunt non quo sint. Non qui nostrum est dolore ea.',6,'unavailable','test-3.PNG',127,'2020-01-06 20:36:55','2020-01-06 20:36:55'),(347,'ipsum','Eligendi sint eius aspernatur voluptatem ut. Veritatis culpa sequi voluptatem.',10,'available','test-1.PNG',89,'2020-01-06 20:36:55','2020-01-06 20:36:55'),(348,'voluptate','Repellat odio ipsam laborum autem omnis saepe.',10,'available','test-2.PNG',84,'2020-01-06 20:36:55','2020-01-06 20:36:55'),(349,'rerum','Sit neque quisquam dolor ut. Consequatur dolores sed et id.',9,'available','test-1.PNG',98,'2020-01-06 20:36:55','2020-01-06 20:36:55'),(350,'qui','Fuga dolorem omnis omnis id amet aspernatur est. Fuga omnis provident et et aut totam.',7,'available','test-1.PNG',46,'2020-01-06 20:36:55','2020-01-06 20:36:55'),(351,'quo','Fugit distinctio nostrum laborum tenetur aut voluptas.',5,'available','test-1.PNG',24,'2020-01-06 20:36:55','2020-01-06 20:36:55'),(352,'neque','Ratione esse enim optio illum. Eaque vel voluptatem totam consequuntur sit fugiat autem.',8,'unavailable','test-1.PNG',82,'2020-01-06 20:36:55','2020-01-06 20:36:55'),(353,'laudantium','Amet iure non ipsam aut. Optio quod non eum sed consequatur.',9,'available','test-2.PNG',167,'2020-01-06 20:36:55','2020-01-06 20:36:55'),(354,'nihil','Ipsa deserunt consequatur sint. Maxime labore quia assumenda porro fuga qui.',3,'unavailable','test-1.PNG',19,'2020-01-06 20:36:55','2020-01-06 20:36:55'),(355,'libero','Voluptas nulla accusantium enim iusto sit voluptatem reprehenderit totam. Est mollitia rerum dignissimos ex laudantium laborum voluptatem.',5,'available','test-3.PNG',14,'2020-01-06 20:36:55','2020-01-06 20:36:55'),(356,'vel','Aperiam consectetur veritatis rerum non pariatur. Eaque non accusantium dolores nemo et.',5,'available','test-2.PNG',178,'2020-01-06 20:36:55','2020-01-06 20:36:55'),(357,'aut','Optio corporis ipsam voluptatem commodi aliquid in ratione. In deserunt in omnis est quae accusantium.',6,'available','test-2.PNG',145,'2020-01-06 20:36:55','2020-01-06 20:36:55'),(358,'ut','Ducimus eaque eaque voluptate id fuga explicabo facilis libero.',5,'unavailable','test-2.PNG',180,'2020-01-06 20:36:55','2020-01-06 20:36:55'),(359,'eum','Voluptatum voluptatem neque et odit voluptas cumque natus.',8,'available','test-2.PNG',182,'2020-01-06 20:36:55','2020-01-06 20:36:55'),(360,'vitae','Molestias beatae vel qui dolores.',6,'unavailable','test-3.PNG',148,'2020-01-06 20:36:55','2020-01-06 20:36:55'),(361,'neque','Ratione assumenda et fuga facilis est error.',4,'available','test-1.PNG',173,'2020-01-06 20:36:55','2020-01-06 20:36:55'),(362,'laudantium','Excepturi ducimus possimus corporis placeat sed voluptatem quam. Sint odit perferendis id soluta veniam suscipit dolorem incidunt.',8,'available','test-3.PNG',63,'2020-01-06 20:36:55','2020-01-06 20:36:55'),(363,'non','Molestias dolores illum quia ipsam qui beatae praesentium.',3,'available','test-1.PNG',139,'2020-01-06 20:36:55','2020-01-06 20:36:55'),(364,'voluptatem','Necessitatibus molestiae magnam rerum pariatur sequi voluptas totam impedit.',2,'available','test-1.PNG',148,'2020-01-06 20:36:55','2020-01-06 20:36:55'),(365,'omnis','Nam adipisci architecto eos perferendis sit deserunt.',3,'unavailable','test-3.PNG',109,'2020-01-06 20:36:55','2020-01-06 20:36:55'),(366,'sed','Autem rerum aut velit qui doloribus excepturi hic.',5,'unavailable','test-2.PNG',193,'2020-01-06 20:36:55','2020-01-06 20:36:55'),(367,'tempore','Nemo suscipit et culpa sint. Autem iure qui explicabo saepe illum vero consequatur.',1,'unavailable','test-1.PNG',116,'2020-01-06 20:36:55','2020-01-06 20:36:55'),(368,'tenetur','Et fugiat adipisci sint delectus voluptate rerum at. Maxime qui quam totam quidem impedit vel vel.',6,'unavailable','test-2.PNG',179,'2020-01-06 20:36:55','2020-01-06 20:36:55'),(369,'porro','Est impedit vel assumenda unde voluptatem sed nobis.',4,'unavailable','test-1.PNG',87,'2020-01-06 20:36:55','2020-01-06 20:36:55'),(370,'qui','Enim inventore quas vel qui autem saepe. Quas ratione nam dolores.',8,'unavailable','test-2.PNG',5,'2020-01-06 20:36:55','2020-01-06 20:36:55'),(371,'sed','Et sit dignissimos animi. Quod delectus molestiae illo laudantium voluptatem qui nulla.',2,'unavailable','test-1.PNG',49,'2020-01-06 20:36:55','2020-01-06 20:36:55'),(372,'repellendus','Veritatis dolores et in.',7,'available','test-3.PNG',57,'2020-01-06 20:36:55','2020-01-06 20:36:55'),(373,'rerum','Dolorem est dolores soluta ut magnam vel.',9,'unavailable','test-1.PNG',196,'2020-01-06 20:36:55','2020-01-06 20:36:55'),(374,'laborum','Iusto harum ut voluptatem consectetur. Corporis dolorem sed exercitationem eius tempora quia quos dignissimos.',9,'available','test-2.PNG',189,'2020-01-06 20:36:55','2020-01-06 20:36:55'),(375,'et','Aut et itaque distinctio harum in ea numquam. Repellendus repudiandae sequi nihil.',2,'available','test-1.PNG',107,'2020-01-06 20:36:55','2020-01-06 20:36:55'),(376,'sed','Id facere quas in vero veniam. Modi sunt commodi quo ipsum omnis et itaque.',2,'available','test-2.PNG',6,'2020-01-06 20:36:55','2020-01-06 20:36:55'),(377,'minus','Reiciendis neque aliquid distinctio dolores. Fuga mollitia quos earum animi quasi asperiores officiis.',10,'available','test-2.PNG',160,'2020-01-06 20:36:55','2020-01-06 20:36:55'),(378,'tenetur','Et dolor qui odio impedit. Totam eum suscipit autem repellat laboriosam.',8,'unavailable','test-1.PNG',28,'2020-01-06 20:36:55','2020-01-06 20:36:55'),(379,'mollitia','Quo sequi voluptatem dolor molestiae. Temporibus atque harum natus impedit iure possimus.',7,'unavailable','test-1.PNG',66,'2020-01-06 20:36:55','2020-01-06 20:36:55'),(380,'magnam','Autem veritatis voluptatem ut ipsam facere. Quibusdam aut aut voluptates non est cum libero.',6,'unavailable','test-1.PNG',78,'2020-01-06 20:36:55','2020-01-06 20:36:55'),(381,'quia','Qui esse nisi quisquam iure cumque. Nostrum quas vitae aut aperiam dolores.',9,'available','test-3.PNG',106,'2020-01-06 20:36:55','2020-01-06 20:36:55'),(382,'sequi','Pariatur temporibus voluptatem aut non corrupti saepe nihil. Dolores porro excepturi sed ea odit doloremque alias.',2,'available','test-2.PNG',56,'2020-01-06 20:36:55','2020-01-06 20:36:55'),(383,'aperiam','Aliquid nemo eum voluptatem delectus error.',3,'available','test-3.PNG',40,'2020-01-06 20:36:55','2020-01-06 20:36:55'),(384,'sunt','Labore est tempore itaque debitis similique.',4,'available','test-2.PNG',182,'2020-01-06 20:36:55','2020-01-06 20:36:55'),(385,'saepe','Id adipisci fugiat est.',9,'available','test-3.PNG',153,'2020-01-06 20:36:55','2020-01-06 20:36:55'),(386,'et','Repellat incidunt ipsum consequatur.',5,'available','test-2.PNG',190,'2020-01-06 20:36:55','2020-01-06 20:36:55'),(387,'non','Commodi quaerat molestiae tempore rerum animi.',4,'available','test-1.PNG',24,'2020-01-06 20:36:55','2020-01-06 20:36:55'),(388,'dolor','Quis repellat itaque laudantium placeat et.',5,'unavailable','test-2.PNG',63,'2020-01-06 20:36:55','2020-01-06 20:36:55'),(389,'maiores','Rem ratione sit nobis eos sapiente facere. Cumque explicabo quo cupiditate optio illum quisquam autem quidem.',3,'available','test-3.PNG',101,'2020-01-06 20:36:55','2020-01-06 20:36:55'),(390,'eaque','Nemo et distinctio ipsam at.',1,'unavailable','test-3.PNG',192,'2020-01-06 20:36:55','2020-01-06 20:36:55'),(391,'necessitatibus','Quasi culpa aut ea qui molestiae omnis saepe blanditiis. Aperiam ducimus molestiae doloremque.',7,'unavailable','test-1.PNG',31,'2020-01-06 20:36:55','2020-01-06 20:36:55'),(392,'distinctio','Iusto temporibus voluptatum quia blanditiis.',9,'unavailable','test-3.PNG',63,'2020-01-06 20:36:56','2020-01-06 20:36:56'),(393,'delectus','Aut exercitationem voluptatem a recusandae. Recusandae exercitationem cumque ullam consequatur.',4,'unavailable','test-3.PNG',81,'2020-01-06 20:36:56','2020-01-06 20:36:56'),(394,'quisquam','Ut et et voluptas quas eveniet recusandae rerum.',9,'available','test-1.PNG',143,'2020-01-06 20:36:56','2020-01-06 20:36:56'),(395,'consequuntur','Rerum molestiae excepturi beatae est tenetur nihil illo. Error ut perspiciatis iure perspiciatis minus qui dolorem possimus.',9,'unavailable','test-3.PNG',11,'2020-01-06 20:36:56','2020-01-06 20:36:56'),(396,'qui','Vel et cum hic doloremque quam unde.',1,'available','test-2.PNG',116,'2020-01-06 20:36:56','2020-01-06 20:36:56'),(397,'quis','Tempora molestias beatae quia. Temporibus aut iure iusto accusantium.',9,'unavailable','test-2.PNG',92,'2020-01-06 20:36:56','2020-01-06 20:36:56'),(398,'voluptates','Dicta facere itaque beatae adipisci deserunt.',8,'unavailable','test-3.PNG',78,'2020-01-06 20:36:56','2020-01-06 20:36:56'),(399,'omnis','Ut amet eum in et.',5,'available','test-3.PNG',63,'2020-01-06 20:36:56','2020-01-06 20:36:56'),(400,'tempora','Odio vitae qui explicabo mollitia et. Est eveniet eaque dolorem quo consectetur reiciendis.',8,'available','test-1.PNG',177,'2020-01-06 20:36:56','2020-01-06 20:36:56'),(401,'temporibus','Rem quia aut saepe ea enim est quia.',3,'available','test-2.PNG',117,'2020-01-06 20:36:56','2020-01-06 20:36:56'),(402,'illum','Facere illo sed dignissimos sit doloribus.',7,'available','test-1.PNG',138,'2020-01-06 20:36:56','2020-01-06 20:36:56'),(403,'eum','Alias vel sint natus dolore.',9,'unavailable','test-2.PNG',171,'2020-01-06 20:36:56','2020-01-06 20:36:56'),(404,'quidem','Sit eum labore hic esse aspernatur. Facere omnis eaque consequuntur qui alias laudantium doloribus.',3,'available','test-2.PNG',63,'2020-01-06 20:36:56','2020-01-06 20:36:56'),(405,'ea','Quam aut odio asperiores incidunt.',9,'available','test-1.PNG',115,'2020-01-06 20:36:56','2020-01-06 20:36:56'),(406,'dolores','Sed repellendus libero eum in consequatur.',9,'unavailable','test-3.PNG',154,'2020-01-06 20:36:56','2020-01-06 20:36:56'),(407,'amet','Enim et maxime suscipit vel ea reiciendis natus.',1,'available','test-1.PNG',191,'2020-01-06 20:36:56','2020-01-06 20:36:56'),(408,'laborum','Ipsum dolore expedita optio qui omnis veniam ad. Quas quaerat voluptatem omnis vel quia.',3,'unavailable','test-1.PNG',161,'2020-01-06 20:36:56','2020-01-06 20:36:56'),(409,'impedit','Quod quos maxime ut ullam.',3,'unavailable','test-2.PNG',43,'2020-01-06 20:36:56','2020-01-06 20:36:56'),(410,'doloremque','Est eius adipisci accusamus numquam ad expedita omnis.',7,'available','test-2.PNG',27,'2020-01-06 20:36:56','2020-01-06 20:36:56'),(411,'ipsa','Omnis perferendis a praesentium veritatis vitae maiores aut. Nostrum possimus repellat quia voluptatem ut aspernatur sunt ullam.',9,'unavailable','test-2.PNG',23,'2020-01-06 20:36:56','2020-01-06 20:36:56'),(412,'impedit','Enim vel et vitae et voluptatem aut.',2,'unavailable','test-3.PNG',146,'2020-01-06 20:36:56','2020-01-06 20:36:56'),(413,'vero','Veniam sit ab praesentium atque maxime voluptas eos suscipit. Consequatur quisquam explicabo nisi nulla laborum.',7,'unavailable','test-2.PNG',143,'2020-01-06 20:36:56','2020-01-06 20:36:56'),(414,'doloremque','Earum rerum eius ullam porro qui qui et.',4,'available','test-1.PNG',117,'2020-01-06 20:36:56','2020-01-06 20:36:56'),(415,'aut','Quia quia temporibus laborum numquam debitis qui.',9,'unavailable','test-3.PNG',65,'2020-01-06 20:36:56','2020-01-06 20:36:56'),(416,'voluptatum','Reprehenderit quia rerum ratione perspiciatis aut.',6,'unavailable','test-2.PNG',137,'2020-01-06 20:36:56','2020-01-06 20:36:56'),(417,'impedit','Repudiandae et aut rerum sit accusantium architecto. Autem asperiores qui sint veritatis voluptatem.',4,'unavailable','test-2.PNG',22,'2020-01-06 20:36:56','2020-01-06 20:36:56'),(418,'itaque','Qui dicta maxime et non repudiandae quisquam qui. Hic distinctio qui molestias ratione.',9,'unavailable','test-2.PNG',70,'2020-01-06 20:36:56','2020-01-06 20:36:56'),(419,'fugit','Tempore reiciendis vel ipsa libero odio numquam enim et. Ut quas minima vel quibusdam labore quis ducimus.',10,'available','test-3.PNG',133,'2020-01-06 20:36:56','2020-01-06 20:36:56'),(420,'dolorem','Facilis explicabo error commodi.',8,'available','test-2.PNG',145,'2020-01-06 20:36:56','2020-01-06 20:36:56'),(421,'beatae','Laborum quas doloribus cum quibusdam est et facere.',7,'available','test-1.PNG',109,'2020-01-06 20:36:56','2020-01-06 20:36:56'),(422,'qui','Repellat in suscipit vel architecto ullam repellat. Repudiandae voluptatem quo odio laboriosam.',4,'available','test-3.PNG',42,'2020-01-06 20:36:56','2020-01-06 20:36:56'),(423,'soluta','Aperiam animi iusto quo dolor quaerat commodi ex.',2,'unavailable','test-3.PNG',32,'2020-01-06 20:36:56','2020-01-06 20:36:56'),(424,'debitis','Est quis labore voluptatem ipsum aut. At dolor eos rerum atque velit.',1,'available','test-2.PNG',156,'2020-01-06 20:36:56','2020-01-06 20:36:56'),(425,'adipisci','Maiores labore suscipit incidunt quidem odit qui.',2,'available','test-2.PNG',57,'2020-01-06 20:36:56','2020-01-06 20:36:56'),(426,'sed','Voluptatem similique est aut nesciunt vitae. Quaerat est esse sequi dolores.',4,'available','test-2.PNG',103,'2020-01-06 20:36:56','2020-01-06 20:36:56'),(427,'illum','Atque neque et error id sit illum.',5,'unavailable','test-1.PNG',162,'2020-01-06 20:36:56','2020-01-06 20:36:56'),(428,'eius','Neque est vitae quam et aspernatur sit. Sapiente cumque molestiae voluptate et.',5,'unavailable','test-1.PNG',63,'2020-01-06 20:36:56','2020-01-06 20:36:56'),(429,'voluptatum','Qui aliquam doloribus soluta et. Sed reprehenderit ut impedit voluptatem.',8,'unavailable','test-3.PNG',183,'2020-01-06 20:36:56','2020-01-06 20:36:56'),(430,'corrupti','Quaerat fugit sint cum.',2,'unavailable','test-3.PNG',97,'2020-01-06 20:36:56','2020-01-06 20:36:56'),(431,'in','Id eveniet ipsum ipsam eaque temporibus nihil. Nihil occaecati quos illo saepe ad.',6,'unavailable','test-1.PNG',88,'2020-01-06 20:36:56','2020-01-06 20:36:56'),(432,'quo','Saepe ut ullam sequi consequatur rerum ut.',2,'unavailable','test-3.PNG',29,'2020-01-06 20:36:56','2020-01-06 20:36:56'),(433,'veritatis','Totam quidem incidunt aperiam quasi quia adipisci ea.',1,'unavailable','test-3.PNG',148,'2020-01-06 20:36:56','2020-01-06 20:36:56'),(434,'blanditiis','Distinctio et autem nemo cumque saepe doloribus.',1,'unavailable','test-1.PNG',1,'2020-01-06 20:36:56','2020-01-06 20:36:56'),(435,'accusantium','In rem in quia saepe sint facere adipisci. Expedita quia dolor et tempora eveniet necessitatibus.',3,'unavailable','test-1.PNG',50,'2020-01-06 20:36:56','2020-01-06 20:36:56'),(436,'magni','Ut beatae molestiae sapiente fugit natus quidem culpa.',8,'available','test-1.PNG',170,'2020-01-06 20:36:56','2020-01-06 20:36:56'),(437,'eos','Fugiat sed quis in rerum. Excepturi autem qui error facilis itaque explicabo.',5,'available','test-3.PNG',93,'2020-01-06 20:36:56','2020-01-06 20:36:56'),(438,'amet','Dolor eum temporibus assumenda eaque sit. Sapiente eius porro eos commodi.',1,'available','test-2.PNG',9,'2020-01-06 20:36:56','2020-01-06 20:36:56'),(439,'aperiam','Alias accusantium aspernatur ab id enim eos.',4,'available','test-3.PNG',31,'2020-01-06 20:36:56','2020-01-06 20:36:56'),(440,'quos','Reiciendis sunt inventore est libero porro exercitationem est.',4,'available','test-3.PNG',115,'2020-01-06 20:36:56','2020-01-06 20:36:56'),(441,'itaque','Sint quos nulla sit doloremque necessitatibus ab unde delectus. Sequi consequatur est possimus et.',10,'available','test-2.PNG',33,'2020-01-06 20:36:56','2020-01-06 20:36:56'),(442,'soluta','Quaerat delectus blanditiis et exercitationem sapiente. Modi omnis rem excepturi at.',9,'available','test-3.PNG',22,'2020-01-06 20:36:56','2020-01-06 20:36:56'),(443,'et','Consectetur itaque deleniti id laborum est voluptas vel. Soluta nihil est libero minus molestias.',8,'unavailable','test-2.PNG',46,'2020-01-06 20:36:56','2020-01-06 20:36:56'),(444,'impedit','Quia molestiae accusantium ut deserunt id vel praesentium.',9,'unavailable','test-2.PNG',47,'2020-01-06 20:36:56','2020-01-06 20:36:56'),(445,'quaerat','Itaque quia id reprehenderit iusto veniam nihil. Facere dolorem doloremque neque eum.',5,'available','test-1.PNG',120,'2020-01-06 20:36:56','2020-01-06 20:36:56'),(446,'assumenda','Voluptas sed quis quam ut ut. Earum dolor ullam minima consequatur aut.',9,'available','test-3.PNG',72,'2020-01-06 20:36:56','2020-01-06 20:36:56'),(447,'quis','Quo doloribus assumenda excepturi ullam sunt autem. Voluptas ea nesciunt dolores sunt laboriosam dolores deleniti.',6,'unavailable','test-1.PNG',15,'2020-01-06 20:36:56','2020-01-06 20:36:56'),(448,'accusamus','Esse ducimus provident sed enim ullam ut.',3,'available','test-3.PNG',48,'2020-01-06 20:36:56','2020-01-06 20:36:56'),(449,'rerum','Et repudiandae ut magnam harum.',8,'available','test-1.PNG',42,'2020-01-06 20:36:56','2020-01-06 20:36:56'),(450,'aspernatur','Laudantium architecto qui tenetur eius fugiat qui. Perferendis sed corrupti nam voluptatem.',1,'available','test-3.PNG',89,'2020-01-06 20:36:56','2020-01-06 20:36:56'),(451,'autem','Aut sequi est sed repudiandae fuga. Ducimus quo sapiente nemo omnis amet aut inventore.',8,'available','test-3.PNG',35,'2020-01-06 20:36:56','2020-01-06 20:36:56'),(452,'minus','Voluptas placeat totam repellendus voluptatem reiciendis molestiae. Quidem tempore dicta odit sint eaque ut.',4,'available','test-2.PNG',38,'2020-01-06 20:36:56','2020-01-06 20:36:56'),(453,'saepe','Ipsum reiciendis est voluptas totam distinctio quaerat quisquam quisquam.',2,'available','test-1.PNG',128,'2020-01-06 20:36:56','2020-01-06 20:36:56'),(454,'nihil','Mollitia vel atque maxime itaque dignissimos quasi culpa.',1,'available','test-1.PNG',156,'2020-01-06 20:36:56','2020-01-06 20:36:56'),(455,'ratione','Necessitatibus omnis iste voluptatem.',3,'available','test-1.PNG',198,'2020-01-06 20:36:56','2020-01-06 20:36:56'),(456,'est','Eaque suscipit aut pariatur corrupti. Quia sequi nesciunt ea adipisci est delectus.',3,'available','test-2.PNG',158,'2020-01-06 20:36:56','2020-01-06 20:36:56'),(457,'non','Nemo aspernatur hic commodi ea corrupti. Accusamus aspernatur itaque nostrum quia.',1,'unavailable','test-3.PNG',183,'2020-01-06 20:36:56','2020-01-06 20:36:56'),(458,'aut','Minus maiores natus eligendi dolorem. Voluptatum consequatur a consequatur rerum quasi.',8,'available','test-1.PNG',76,'2020-01-06 20:36:56','2020-01-06 20:36:56'),(459,'non','Distinctio facere expedita inventore laborum itaque consectetur. Non ad delectus rerum corporis rerum.',8,'available','test-1.PNG',74,'2020-01-06 20:36:56','2020-01-06 20:36:56'),(460,'nulla','Aut fuga eum odio.',3,'available','test-3.PNG',111,'2020-01-06 20:36:56','2020-01-06 20:36:56'),(461,'qui','Quia consequatur voluptates et enim. Assumenda velit ipsa et ducimus ut iure tempore.',5,'unavailable','test-3.PNG',170,'2020-01-06 20:36:56','2020-01-06 20:36:56'),(462,'eum','Nemo aperiam soluta autem omnis sint non molestiae earum. Dicta molestiae nihil ipsam veritatis qui est explicabo.',4,'available','test-2.PNG',30,'2020-01-06 20:36:56','2020-01-06 20:36:56'),(463,'corporis','Ut nulla ipsum molestiae et est quae ut eaque. Et non est vel voluptatem ratione inventore molestias.',8,'unavailable','test-2.PNG',12,'2020-01-06 20:36:56','2020-01-06 20:36:56'),(464,'eveniet','Labore eos dolores doloremque ratione et ullam enim.',6,'unavailable','test-3.PNG',106,'2020-01-06 20:36:56','2020-01-06 20:36:56'),(465,'ut','Quod et quae autem soluta iure non.',4,'available','test-2.PNG',16,'2020-01-06 20:36:56','2020-01-06 20:36:56'),(466,'enim','Et consequatur unde quis inventore. Fugiat ut voluptatem sunt itaque.',5,'available','test-3.PNG',61,'2020-01-06 20:36:56','2020-01-06 20:36:56'),(467,'fugiat','Excepturi eum consequatur et ut dignissimos.',1,'unavailable','test-1.PNG',172,'2020-01-06 20:36:56','2020-01-06 20:36:56'),(468,'corrupti','Culpa quos voluptate voluptatem aut minus rerum et. Ab ab quia perspiciatis.',10,'available','test-2.PNG',132,'2020-01-06 20:36:56','2020-01-06 20:36:56'),(469,'in','Facilis est voluptatibus suscipit atque veniam deleniti.',5,'available','test-3.PNG',102,'2020-01-06 20:36:56','2020-01-06 20:36:56'),(470,'ad','Consequatur et quia sunt expedita repudiandae labore est non. Velit fugiat dolorem maiores dolorem.',2,'unavailable','test-2.PNG',50,'2020-01-06 20:36:56','2020-01-06 20:36:56'),(471,'asperiores','Possimus odio et cum quo.',10,'unavailable','test-3.PNG',54,'2020-01-06 20:36:56','2020-01-06 20:36:56'),(472,'vel','Animi sed quod omnis et cumque dolores. Sint quia voluptatem eos odit.',3,'unavailable','test-3.PNG',131,'2020-01-06 20:36:56','2020-01-06 20:36:56'),(473,'odio','Dolorem cumque veritatis beatae repellat.',4,'unavailable','test-2.PNG',97,'2020-01-06 20:36:56','2020-01-06 20:36:56'),(474,'quia','A porro quaerat laboriosam.',3,'available','test-2.PNG',170,'2020-01-06 20:36:56','2020-01-06 20:36:56'),(475,'est','Dolores non sapiente amet molestiae repudiandae voluptate eos quas. Perspiciatis repellendus dicta consectetur et.',4,'available','test-1.PNG',182,'2020-01-06 20:36:56','2020-01-06 20:36:56'),(476,'reiciendis','Officia laudantium nihil qui laborum aspernatur.',3,'available','test-3.PNG',173,'2020-01-06 20:36:56','2020-01-06 20:36:56'),(477,'voluptas','Reiciendis sit dolor enim non illum quasi.',10,'available','test-3.PNG',194,'2020-01-06 20:36:56','2020-01-06 20:36:56'),(478,'ducimus','Qui pariatur porro tempora. Explicabo dolor et culpa perferendis.',2,'unavailable','test-2.PNG',102,'2020-01-06 20:36:56','2020-01-06 20:36:56'),(479,'ut','Et labore consequatur quam fugit fuga. Quos modi earum maxime neque ut officiis in.',5,'available','test-2.PNG',103,'2020-01-06 20:36:56','2020-01-06 20:36:56'),(480,'illum','Assumenda delectus accusantium ratione eum aut. Sunt neque nostrum repellendus deserunt excepturi impedit.',1,'unavailable','test-1.PNG',51,'2020-01-06 20:36:56','2020-01-06 20:36:56'),(481,'iure','Molestiae dignissimos hic totam et. Aliquid provident deserunt odit et vel at consequatur.',7,'available','test-2.PNG',95,'2020-01-06 20:36:56','2020-01-06 20:36:56'),(482,'eligendi','Doloribus libero quibusdam laboriosam tempore nulla officiis.',9,'unavailable','test-3.PNG',148,'2020-01-06 20:36:56','2020-01-06 20:36:56'),(483,'omnis','Nobis est pariatur iure iusto voluptatem.',8,'available','test-1.PNG',78,'2020-01-06 20:36:56','2020-01-06 20:36:56'),(484,'qui','Ut minima quaerat voluptate et et.',10,'available','test-3.PNG',144,'2020-01-06 20:36:56','2020-01-06 20:36:56'),(485,'quia','Sunt praesentium pariatur optio vel nihil voluptatum.',4,'unavailable','test-3.PNG',102,'2020-01-06 20:36:56','2020-01-06 20:36:56'),(486,'repellendus','Eligendi natus soluta maxime quod esse blanditiis dolor neque.',3,'unavailable','test-3.PNG',48,'2020-01-06 20:36:56','2020-01-06 20:36:56'),(487,'earum','Est repellat qui esse sed facilis.',7,'unavailable','test-1.PNG',87,'2020-01-06 20:36:56','2020-01-06 20:36:56'),(488,'dolore','Corporis molestiae qui modi quia in consequatur voluptates. Totam et laborum fugit fuga eos nobis voluptate.',8,'unavailable','test-3.PNG',80,'2020-01-06 20:36:56','2020-01-06 20:36:56'),(489,'consectetur','Sit tempore eos consectetur adipisci ab optio error. Dolorem quis cupiditate assumenda iste.',8,'available','test-1.PNG',151,'2020-01-06 20:36:56','2020-01-06 20:36:56'),(490,'quia','Magni consequatur quasi dicta nam. Similique similique ad dolore inventore dolore rerum non.',2,'unavailable','test-3.PNG',26,'2020-01-06 20:36:56','2020-01-06 20:36:56'),(491,'enim','Et necessitatibus corrupti unde ut omnis et.',3,'unavailable','test-1.PNG',146,'2020-01-06 20:36:56','2020-01-06 20:36:56'),(492,'iusto','Omnis quo sit suscipit quia. Aperiam delectus facilis amet repudiandae voluptas.',7,'unavailable','test-1.PNG',148,'2020-01-06 20:36:56','2020-01-06 20:36:56'),(493,'aut','Dolores hic neque sunt adipisci vero vitae laborum facilis.',8,'unavailable','test-2.PNG',136,'2020-01-06 20:36:56','2020-01-06 20:36:56'),(494,'sint','Quia facere vel architecto voluptatum.',5,'unavailable','test-3.PNG',11,'2020-01-06 20:36:56','2020-01-06 20:36:56'),(495,'quis','Quaerat accusamus earum est id dignissimos pariatur doloremque illum. Aut vel laboriosam et tempore impedit.',7,'available','test-1.PNG',87,'2020-01-06 20:36:56','2020-01-06 20:36:56'),(496,'officiis','Ut aut animi quisquam consequatur animi aut qui.',8,'unavailable','test-3.PNG',157,'2020-01-06 20:36:56','2020-01-06 20:36:56'),(497,'ipsam','Aspernatur veritatis architecto et ut iure voluptas.',6,'unavailable','test-3.PNG',39,'2020-01-06 20:36:56','2020-01-06 20:36:56'),(498,'unde','Consequatur saepe assumenda ut fuga officiis voluptatem unde. Quia dolorem ea non.',10,'unavailable','test-2.PNG',36,'2020-01-06 20:36:56','2020-01-06 20:36:56'),(499,'quas','Sequi ducimus iste sunt sequi facilis voluptatem et. Quia nam voluptatem alias inventore consequatur quam.',2,'unavailable','test-3.PNG',107,'2020-01-06 20:36:56','2020-01-06 20:36:56'),(500,'voluptatem','Dolor sit sequi culpa eius ut. Ipsam expedita ut explicabo error quia voluptatem velit.',10,'unavailable','test-2.PNG',124,'2020-01-06 20:36:56','2020-01-06 20:36:56'),(501,'quibusdam','Dicta deleniti quasi repudiandae et.',3,'available','test-2.PNG',72,'2020-01-06 20:36:56','2020-01-06 20:36:56'),(502,'quia','Quidem voluptatem nihil aut atque nostrum quasi recusandae.',4,'available','test-2.PNG',23,'2020-01-06 20:36:56','2020-01-06 20:36:56'),(503,'cum','Cupiditate optio aut non aperiam sint corporis. Doloremque nihil et autem et nobis sapiente earum.',5,'unavailable','test-1.PNG',144,'2020-01-06 20:36:56','2020-01-06 20:36:56'),(504,'et','Laboriosam quod amet voluptates minus cumque sed accusamus. Corporis omnis et iure atque omnis veritatis.',5,'unavailable','test-2.PNG',44,'2020-01-06 20:36:56','2020-01-06 20:36:56'),(505,'eos','Qui sed deserunt voluptatem quos neque. Quae et nihil totam dolor.',2,'available','test-3.PNG',177,'2020-01-06 20:36:56','2020-01-06 20:36:56'),(506,'deleniti','Aperiam deleniti illo ea nemo numquam excepturi sunt.',9,'unavailable','test-1.PNG',113,'2020-01-06 20:36:56','2020-01-06 20:36:56'),(507,'vitae','Animi veritatis aut incidunt labore aut accusantium. Pariatur assumenda ab voluptate impedit est itaque consequatur.',4,'unavailable','test-3.PNG',126,'2020-01-06 20:36:56','2020-01-06 20:36:56'),(508,'repellat','Voluptatem aut soluta voluptatem ad quos et. Vitae sit culpa ab ut laborum aut possimus sunt.',8,'available','test-3.PNG',62,'2020-01-06 20:36:56','2020-01-06 20:36:56'),(509,'labore','Eaque quo accusantium numquam hic nesciunt blanditiis.',8,'available','test-2.PNG',159,'2020-01-06 20:36:56','2020-01-06 20:36:56'),(510,'nisi','Voluptate minima mollitia delectus. Ut deleniti qui ullam est optio consequuntur illo.',4,'unavailable','test-2.PNG',148,'2020-01-06 20:36:56','2020-01-06 20:36:56'),(511,'velit','Commodi autem quas rerum rerum quia. Non quia velit atque officia vel quo illum.',3,'available','test-2.PNG',151,'2020-01-06 20:36:56','2020-01-06 20:36:56'),(512,'dignissimos','Perspiciatis voluptas perferendis quasi exercitationem. Qui fugit aperiam sed aspernatur omnis tempore dignissimos.',8,'available','test-2.PNG',47,'2020-01-06 20:36:56','2020-01-06 20:36:56'),(513,'nisi','Dolores id nihil voluptate consequatur modi et.',3,'unavailable','test-1.PNG',136,'2020-01-06 20:36:56','2020-01-06 20:36:56'),(514,'dignissimos','Est sed commodi ipsa.',7,'available','test-3.PNG',3,'2020-01-06 20:36:56','2020-01-06 20:36:56'),(515,'adipisci','Omnis fugit possimus iusto vel delectus exercitationem.',6,'available','test-1.PNG',178,'2020-01-06 20:36:56','2020-01-06 20:36:56'),(516,'qui','Quis minus corporis sit est. Qui suscipit alias est est.',6,'unavailable','test-1.PNG',173,'2020-01-06 20:36:56','2020-01-06 20:36:56'),(517,'itaque','Possimus non quo natus sunt sit.',4,'available','test-3.PNG',53,'2020-01-06 20:36:56','2020-01-06 20:36:56'),(518,'molestiae','Et sequi et eum ratione quia quidem earum recusandae. Veritatis explicabo blanditiis ad debitis perferendis velit et.',8,'available','test-2.PNG',85,'2020-01-06 20:36:56','2020-01-06 20:36:56'),(519,'repudiandae','Unde fuga consectetur ad.',6,'available','test-1.PNG',102,'2020-01-06 20:36:56','2020-01-06 20:36:56'),(520,'est','Sunt reprehenderit libero nam ab.',10,'unavailable','test-1.PNG',140,'2020-01-06 20:36:56','2020-01-06 20:36:56'),(521,'est','Sed natus dolor perspiciatis sapiente unde temporibus.',4,'unavailable','test-1.PNG',63,'2020-01-06 20:36:56','2020-01-06 20:36:56'),(522,'natus','Harum asperiores voluptatem quibusdam ut. Aut cum et placeat quia cupiditate.',7,'available','test-2.PNG',162,'2020-01-06 20:36:56','2020-01-06 20:36:56'),(523,'nihil','Aut dolorum esse nulla qui ut exercitationem est. Ipsum perspiciatis delectus voluptatem quisquam.',8,'available','test-3.PNG',159,'2020-01-06 20:36:57','2020-01-06 20:36:57'),(524,'nostrum','Placeat ipsum iusto unde. Sit dignissimos culpa et inventore veritatis ut temporibus.',1,'unavailable','test-2.PNG',102,'2020-01-06 20:36:57','2020-01-06 20:36:57'),(525,'illum','Consequatur quidem id vel explicabo minus quia quod molestias. Nam itaque nesciunt sunt veritatis expedita facilis aliquam.',1,'available','test-2.PNG',173,'2020-01-06 20:36:57','2020-01-06 20:36:57'),(526,'rem','Expedita cupiditate dolor tempora aliquam.',9,'unavailable','test-2.PNG',13,'2020-01-06 20:36:57','2020-01-06 20:36:57'),(527,'veniam','Nulla porro porro quibusdam rerum ipsum.',4,'available','test-1.PNG',186,'2020-01-06 20:36:57','2020-01-06 20:36:57'),(528,'numquam','Explicabo aliquam voluptatem et provident aliquam quo expedita.',5,'available','test-1.PNG',184,'2020-01-06 20:36:57','2020-01-06 20:36:57'),(529,'aut','Molestiae voluptatem architecto rerum laborum quae.',6,'available','test-3.PNG',122,'2020-01-06 20:36:57','2020-01-06 20:36:57'),(530,'molestiae','Est et perspiciatis esse ut.',2,'available','test-3.PNG',103,'2020-01-06 20:36:57','2020-01-06 20:36:57'),(531,'omnis','Ducimus ut officiis reiciendis alias eos eum.',10,'unavailable','test-1.PNG',132,'2020-01-06 20:36:57','2020-01-06 20:36:57'),(532,'esse','In ipsa accusantium reiciendis sint earum.',6,'available','test-2.PNG',172,'2020-01-06 20:36:57','2020-01-06 20:36:57'),(533,'sint','Eum rerum sint quam fugiat.',3,'unavailable','test-3.PNG',43,'2020-01-06 20:36:57','2020-01-06 20:36:57'),(534,'enim','Eos qui quod consequatur et placeat rem soluta.',9,'available','test-1.PNG',13,'2020-01-06 20:36:57','2020-01-06 20:36:57'),(535,'et','Maxime dolor ut alias quo dolore accusamus. Blanditiis fugiat sint ullam inventore.',7,'available','test-3.PNG',46,'2020-01-06 20:36:57','2020-01-06 20:36:57'),(536,'autem','Nulla nisi architecto et enim asperiores. In dolorem blanditiis dolorum incidunt nihil non.',8,'available','test-3.PNG',107,'2020-01-06 20:36:57','2020-01-06 20:36:57'),(537,'et','Aut nisi inventore ullam aspernatur eveniet. Rem natus ea ut praesentium tempora.',8,'available','test-3.PNG',176,'2020-01-06 20:36:57','2020-01-06 20:36:57'),(538,'iusto','Expedita cupiditate perferendis nostrum autem.',3,'available','test-2.PNG',93,'2020-01-06 20:36:57','2020-01-06 20:36:57'),(539,'omnis','Illo tempora ut magnam atque. At qui neque incidunt vel mollitia odio.',4,'available','test-3.PNG',27,'2020-01-06 20:36:57','2020-01-06 20:36:57'),(540,'occaecati','Ducimus quo placeat aliquid nisi doloribus repellat. Et officiis nam velit nihil vel iusto sint asperiores.',7,'unavailable','test-1.PNG',25,'2020-01-06 20:36:57','2020-01-06 20:36:57'),(541,'tempore','Laudantium nostrum aliquid dolores totam natus. Facilis modi incidunt modi reprehenderit.',8,'unavailable','test-2.PNG',179,'2020-01-06 20:36:57','2020-01-06 20:36:57'),(542,'voluptatem','Alias ex itaque ut ipsum non quis deserunt blanditiis.',5,'unavailable','test-3.PNG',155,'2020-01-06 20:36:57','2020-01-06 20:36:57'),(543,'quis','Magni error officiis perspiciatis ullam esse veniam.',3,'available','test-3.PNG',178,'2020-01-06 20:36:57','2020-01-06 20:36:57'),(544,'eveniet','Quisquam corporis nulla excepturi porro. Officiis voluptatem omnis aut doloribus officia amet aspernatur harum.',4,'available','test-2.PNG',53,'2020-01-06 20:36:57','2020-01-06 20:36:57'),(545,'iure','Laborum natus vel qui id sed voluptatum.',3,'unavailable','test-1.PNG',64,'2020-01-06 20:36:57','2020-01-06 20:36:57'),(546,'in','Minima beatae repellendus quidem aut est eveniet vero. Omnis culpa sit eum doloremque qui.',6,'available','test-3.PNG',111,'2020-01-06 20:36:57','2020-01-06 20:36:57'),(547,'nemo','Iusto maiores dolor ex nostrum sunt. Inventore et quo ex blanditiis.',3,'unavailable','test-2.PNG',110,'2020-01-06 20:36:57','2020-01-06 20:36:57'),(548,'iste','Quos itaque placeat ex voluptate provident. Corporis repellendus iste aliquam explicabo ullam.',1,'unavailable','test-2.PNG',163,'2020-01-06 20:36:57','2020-01-06 20:36:57'),(549,'et','Corrupti iusto dolorum repellat ut architecto pariatur.',9,'unavailable','test-1.PNG',142,'2020-01-06 20:36:57','2020-01-06 20:36:57'),(550,'porro','Omnis sed et iure.',8,'available','test-3.PNG',199,'2020-01-06 20:36:57','2020-01-06 20:36:57'),(551,'quis','Rerum voluptatem magnam sint quia mollitia.',1,'unavailable','test-1.PNG',134,'2020-01-06 20:36:57','2020-01-06 20:36:57'),(552,'dolorum','Nemo alias occaecati sapiente enim eum magni quis iusto. Et consequuntur ad quis quam amet ut adipisci est.',8,'available','test-3.PNG',150,'2020-01-06 20:36:57','2020-01-06 20:36:57'),(553,'omnis','Commodi veniam nemo voluptate. Repudiandae quidem maxime iure laboriosam eos voluptas.',9,'available','test-2.PNG',183,'2020-01-06 20:36:57','2020-01-06 20:36:57'),(554,'quidem','Velit totam provident explicabo sed quaerat consectetur corporis sed. Quis amet at odit.',1,'unavailable','test-1.PNG',158,'2020-01-06 20:36:57','2020-01-06 20:36:57'),(555,'suscipit','Vel necessitatibus quo error itaque exercitationem officia adipisci.',7,'available','test-1.PNG',129,'2020-01-06 20:36:57','2020-01-06 20:36:57'),(556,'omnis','Commodi voluptate voluptatibus vero dicta architecto. Voluptas nihil ea non odit labore aliquam provident.',1,'unavailable','test-1.PNG',176,'2020-01-06 20:36:57','2020-01-06 20:36:57'),(557,'assumenda','Vero non aliquid reiciendis totam repudiandae et voluptatibus.',7,'available','test-3.PNG',134,'2020-01-06 20:36:57','2020-01-06 20:36:57'),(558,'ea','Sint ullam qui dolore et ab quas magni. Expedita molestiae illum dolores sed ut rem architecto.',3,'unavailable','test-3.PNG',113,'2020-01-06 20:36:57','2020-01-06 20:36:57'),(559,'ipsa','Voluptate voluptatem veniam qui repudiandae rerum perspiciatis tempore. Laudantium repudiandae perferendis earum veniam veritatis rerum.',6,'unavailable','test-3.PNG',5,'2020-01-06 20:36:57','2020-01-06 20:36:57'),(560,'officia','Provident distinctio laudantium labore nihil id doloremque architecto.',3,'unavailable','test-3.PNG',153,'2020-01-06 20:36:57','2020-01-06 20:36:57'),(561,'placeat','Minima consequatur dignissimos iste explicabo libero. Nesciunt voluptas est doloribus officia rem exercitationem.',2,'unavailable','test-3.PNG',41,'2020-01-06 20:36:57','2020-01-06 20:36:57'),(562,'sint','Mollitia sit aliquam fugiat nulla consequatur corrupti. Ut fugit et est ipsa quia laudantium.',7,'available','test-3.PNG',142,'2020-01-06 20:36:57','2020-01-06 20:36:57'),(563,'velit','Amet reprehenderit delectus neque dolorem voluptas.',8,'available','test-1.PNG',118,'2020-01-06 20:36:57','2020-01-06 20:36:57'),(564,'et','Molestiae aut in omnis et.',4,'unavailable','test-3.PNG',143,'2020-01-06 20:36:57','2020-01-06 20:36:57'),(565,'et','Nesciunt nemo velit nihil illo voluptate minima consequatur necessitatibus.',10,'available','test-1.PNG',62,'2020-01-06 20:36:57','2020-01-06 20:36:57'),(566,'voluptatem','Et omnis non saepe aperiam.',1,'available','test-3.PNG',161,'2020-01-06 20:36:57','2020-01-06 20:36:57'),(567,'adipisci','Distinctio est id vitae nemo tempora ea. At corrupti esse aut mollitia.',2,'unavailable','test-3.PNG',108,'2020-01-06 20:36:57','2020-01-06 20:36:57'),(568,'impedit','Accusamus corrupti eaque velit voluptas expedita magni accusamus.',7,'available','test-1.PNG',106,'2020-01-06 20:36:57','2020-01-06 20:36:57'),(569,'blanditiis','Iure et aut sequi.',7,'available','test-1.PNG',89,'2020-01-06 20:36:57','2020-01-06 20:36:57'),(570,'officia','Consequatur dignissimos dolore autem incidunt ea.',7,'unavailable','test-1.PNG',44,'2020-01-06 20:36:57','2020-01-06 20:36:57'),(571,'facilis','Necessitatibus consequatur et eaque dolorem.',9,'unavailable','test-3.PNG',170,'2020-01-06 20:36:57','2020-01-06 20:36:57'),(572,'explicabo','Provident asperiores omnis amet molestias a doloribus error.',3,'unavailable','test-1.PNG',87,'2020-01-06 20:36:57','2020-01-06 20:36:57'),(573,'aut','Id atque nemo repudiandae dolor tenetur voluptas voluptas. Labore soluta assumenda adipisci aspernatur.',6,'available','test-1.PNG',6,'2020-01-06 20:36:57','2020-01-06 20:36:57'),(574,'sit','Asperiores quod blanditiis totam accusamus nisi.',3,'unavailable','test-3.PNG',66,'2020-01-06 20:36:57','2020-01-06 20:36:57'),(575,'est','Ut accusamus non magnam et nulla vel.',1,'unavailable','test-2.PNG',104,'2020-01-06 20:36:57','2020-01-06 20:36:57'),(576,'illum','Alias voluptatum vel omnis nesciunt porro vero.',10,'unavailable','test-2.PNG',67,'2020-01-06 20:36:57','2020-01-06 20:36:57'),(577,'debitis','Aut pariatur voluptatem et eum sed voluptatem possimus.',7,'unavailable','test-1.PNG',18,'2020-01-06 20:36:57','2020-01-06 20:36:57'),(578,'nulla','Molestiae ea et velit amet. Dolorem sunt porro tempora voluptate voluptas corrupti iusto iste.',6,'available','test-1.PNG',163,'2020-01-06 20:36:57','2020-01-06 20:36:57'),(579,'ducimus','Laborum a voluptas eaque aliquam quisquam vel harum. Inventore omnis veritatis officiis deleniti tenetur odit sed.',4,'available','test-3.PNG',2,'2020-01-06 20:36:57','2020-01-06 20:36:57'),(580,'non','A et labore eum officia repellat autem distinctio. Nobis totam et dicta quas.',1,'available','test-3.PNG',3,'2020-01-06 20:36:57','2020-01-06 20:36:57'),(581,'eos','Animi nesciunt nihil ut perspiciatis et.',5,'unavailable','test-1.PNG',160,'2020-01-06 20:36:57','2020-01-06 20:36:57'),(582,'eos','Ut magnam architecto ea aliquam aut.',9,'unavailable','test-2.PNG',66,'2020-01-06 20:36:57','2020-01-06 20:36:57'),(583,'voluptatum','Quo quia sit deserunt consequuntur dicta. Dolores nulla alias minus ut.',2,'unavailable','test-1.PNG',158,'2020-01-06 20:36:57','2020-01-06 20:36:57'),(584,'ut','Earum qui aliquam similique.',10,'available','test-3.PNG',28,'2020-01-06 20:36:57','2020-01-06 20:36:57'),(585,'nam','Repellat voluptatibus suscipit delectus veniam et.',9,'unavailable','test-1.PNG',33,'2020-01-06 20:36:57','2020-01-06 20:36:57'),(586,'asperiores','Autem explicabo eos ab ut mollitia aut provident.',6,'available','test-2.PNG',168,'2020-01-06 20:36:57','2020-01-06 20:36:57'),(587,'quia','Dignissimos placeat omnis hic non qui.',2,'unavailable','test-2.PNG',28,'2020-01-06 20:36:57','2020-01-06 20:36:57'),(588,'et','Sed et recusandae rem voluptatem qui. Illo et amet veniam inventore aliquam est quasi.',6,'available','test-2.PNG',8,'2020-01-06 20:36:57','2020-01-06 20:36:57'),(589,'ut','Eos tempora labore adipisci doloribus fuga.',3,'unavailable','test-1.PNG',8,'2020-01-06 20:36:57','2020-01-06 20:36:57'),(590,'sapiente','Occaecati possimus ut id aliquid fugit sunt commodi.',2,'unavailable','test-2.PNG',3,'2020-01-06 20:36:57','2020-01-06 20:36:57'),(591,'omnis','Modi et et aut neque reiciendis quis.',2,'available','test-2.PNG',129,'2020-01-06 20:36:57','2020-01-06 20:36:57'),(592,'perspiciatis','Est eum iure consequatur. Sequi reprehenderit error et porro pariatur quidem nihil.',7,'unavailable','test-2.PNG',129,'2020-01-06 20:36:57','2020-01-06 20:36:57'),(593,'enim','Eum repellat in dolore occaecati ducimus. Mollitia quas rerum fugit repellat perferendis.',2,'available','test-2.PNG',123,'2020-01-06 20:36:57','2020-01-06 20:36:57'),(594,'modi','Vel numquam ut iure porro illo hic. Fugit explicabo quos aut.',9,'available','test-2.PNG',170,'2020-01-06 20:36:57','2020-01-06 20:36:57'),(595,'aut','Quidem ipsum id accusamus sit libero.',8,'unavailable','test-3.PNG',109,'2020-01-06 20:36:57','2020-01-06 20:36:57'),(596,'aut','Dolorum ipsa tempora quas est in quo dignissimos. Eos architecto quibusdam nemo voluptate.',5,'unavailable','test-2.PNG',40,'2020-01-06 20:36:57','2020-01-06 20:36:57'),(597,'facere','Tempora voluptate magni quia quisquam.',6,'available','test-3.PNG',64,'2020-01-06 20:36:57','2020-01-06 20:36:57'),(598,'aut','Perspiciatis rerum nostrum inventore quis. Quo harum molestiae ea repudiandae nemo odio et.',7,'unavailable','test-1.PNG',134,'2020-01-06 20:36:57','2020-01-06 20:36:57'),(599,'veritatis','Qui accusantium et corporis magni atque debitis voluptas. Sit fugiat sit possimus consequatur quidem.',4,'available','test-3.PNG',186,'2020-01-06 20:36:57','2020-01-06 20:36:57'),(600,'nihil','Officia eligendi ratione omnis harum.',3,'unavailable','test-1.PNG',49,'2020-01-06 20:36:57','2020-01-06 20:36:57'),(601,'est','Deleniti corrupti eum vero.',5,'unavailable','test-3.PNG',72,'2020-01-06 20:36:57','2020-01-06 20:36:57'),(602,'voluptas','Aperiam qui qui sunt rem ea.',1,'unavailable','test-1.PNG',152,'2020-01-06 20:36:57','2020-01-06 20:36:57'),(603,'qui','Consequatur libero blanditiis occaecati possimus eius odio.',9,'available','test-1.PNG',150,'2020-01-06 20:36:57','2020-01-06 20:36:57'),(604,'est','Autem quibusdam odio consectetur est doloremque et. Minima earum voluptatem nihil aut provident.',3,'unavailable','test-3.PNG',87,'2020-01-06 20:36:57','2020-01-06 20:36:57'),(605,'ad','Omnis deleniti veniam sit aut.',1,'unavailable','test-1.PNG',22,'2020-01-06 20:36:57','2020-01-06 20:36:57'),(606,'impedit','Odio laudantium amet labore. Ut ut ut qui modi sed amet.',6,'unavailable','test-3.PNG',180,'2020-01-06 20:36:57','2020-01-06 20:36:57'),(607,'non','Tempore qui voluptatem corrupti facilis quia omnis repellat. Qui magni et corrupti dicta.',5,'unavailable','test-3.PNG',185,'2020-01-06 20:36:57','2020-01-06 20:36:57'),(608,'est','Consectetur dolor iure eum harum.',6,'unavailable','test-1.PNG',25,'2020-01-06 20:36:57','2020-01-06 20:36:57'),(609,'laudantium','Quae error ea veniam.',5,'available','test-2.PNG',116,'2020-01-06 20:36:57','2020-01-06 20:36:57'),(610,'expedita','Ipsa ut quo neque exercitationem distinctio quo quae illo.',9,'unavailable','test-3.PNG',191,'2020-01-06 20:36:57','2020-01-06 20:36:57'),(611,'dolorem','Quasi aut tenetur expedita id.',5,'available','test-3.PNG',98,'2020-01-06 20:36:57','2020-01-06 20:36:57'),(612,'fugiat','Aut autem eos molestias quae quae fuga.',6,'unavailable','test-1.PNG',89,'2020-01-06 20:36:57','2020-01-06 20:36:57'),(613,'quis','Sint ipsam cumque consequuntur eius nam rerum. Nostrum nihil consequatur quo eveniet vitae nulla delectus omnis.',3,'available','test-1.PNG',82,'2020-01-06 20:36:57','2020-01-06 20:36:57'),(614,'voluptas','Vel expedita illum voluptatibus nam quis nobis consequatur aut.',4,'available','test-1.PNG',67,'2020-01-06 20:36:57','2020-01-06 20:36:57'),(615,'aut','Repellendus quisquam et libero maiores perspiciatis magni eaque. Accusamus velit est doloribus maiores voluptatibus.',6,'unavailable','test-2.PNG',56,'2020-01-06 20:36:57','2020-01-06 20:36:57'),(616,'dolor','Natus rerum commodi quis ducimus totam atque. Voluptatem ut quod quo asperiores id earum similique.',4,'available','test-2.PNG',21,'2020-01-06 20:36:57','2020-01-06 20:36:57'),(617,'vero','Odio dolores porro sed in possimus eos.',4,'available','test-2.PNG',54,'2020-01-06 20:36:57','2020-01-06 20:36:57'),(618,'et','Qui qui ab labore tempore vel sit quam.',7,'unavailable','test-2.PNG',1,'2020-01-06 20:36:57','2020-01-06 20:36:57'),(619,'et','In fuga dolorum aspernatur. Iusto qui molestiae quis.',6,'unavailable','test-3.PNG',36,'2020-01-06 20:36:57','2020-01-06 20:36:57'),(620,'sit','Ut libero sed quo sed eum maiores quod. Porro dignissimos iste minus et.',9,'available','test-2.PNG',189,'2020-01-06 20:36:57','2020-01-06 20:36:57'),(621,'earum','Natus consequatur occaecati et et facere officiis laboriosam rerum.',8,'available','test-2.PNG',164,'2020-01-06 20:36:57','2020-01-06 20:36:57'),(622,'eligendi','Reprehenderit ut beatae est nulla eos nobis.',9,'unavailable','test-2.PNG',59,'2020-01-06 20:36:57','2020-01-06 20:36:57'),(623,'occaecati','Facilis eaque libero consequatur pariatur et.',1,'unavailable','test-1.PNG',81,'2020-01-06 20:36:57','2020-01-06 20:36:57'),(624,'voluptatem','Consequatur vel hic dolores. Molestias animi nihil est velit architecto.',7,'unavailable','test-3.PNG',165,'2020-01-06 20:36:57','2020-01-06 20:36:57'),(625,'eligendi','Non laboriosam vel et ad at voluptatem. Repellendus inventore quae et occaecati et.',10,'unavailable','test-2.PNG',49,'2020-01-06 20:36:57','2020-01-06 20:36:57'),(626,'dolore','In nisi dignissimos vel sapiente omnis nam.',4,'unavailable','test-3.PNG',10,'2020-01-06 20:36:57','2020-01-06 20:36:57'),(627,'alias','Sunt veritatis voluptatem placeat dolorem tempora.',3,'available','test-3.PNG',72,'2020-01-06 20:36:57','2020-01-06 20:36:57'),(628,'in','Quo quos nesciunt nemo distinctio distinctio deserunt. Dolores quis laudantium incidunt saepe.',9,'unavailable','test-3.PNG',132,'2020-01-06 20:36:57','2020-01-06 20:36:57'),(629,'dolorem','Magnam odit magni voluptatum unde. Non sit vel ducimus animi quas.',10,'available','test-3.PNG',13,'2020-01-06 20:36:57','2020-01-06 20:36:57'),(630,'id','In maxime ipsa quia repellat earum iure sed. Deserunt eos velit voluptas vitae quia consequuntur.',4,'unavailable','test-1.PNG',11,'2020-01-06 20:36:57','2020-01-06 20:36:57'),(631,'quia','Qui quod ea quis sapiente aut. Aut eum aut dolor.',2,'unavailable','test-1.PNG',23,'2020-01-06 20:36:57','2020-01-06 20:36:57'),(632,'numquam','Ullam soluta quia ipsum. Aut labore quo tenetur laudantium doloremque ipsa id eligendi.',9,'unavailable','test-3.PNG',80,'2020-01-06 20:36:57','2020-01-06 20:36:57'),(633,'accusamus','Et doloribus est eos dolorem autem.',9,'unavailable','test-3.PNG',144,'2020-01-06 20:36:57','2020-01-06 20:36:57'),(634,'id','Minima eum nemo quia facere repellat. Sequi sint maxime et debitis voluptas nisi.',9,'unavailable','test-2.PNG',170,'2020-01-06 20:36:57','2020-01-06 20:36:57'),(635,'omnis','Dolor nesciunt pariatur temporibus officiis. Perferendis officia aut et velit et libero dignissimos.',8,'available','test-2.PNG',105,'2020-01-06 20:36:57','2020-01-06 20:36:57'),(636,'illo','Officia cumque eveniet consequatur voluptas inventore itaque quia.',8,'available','test-1.PNG',129,'2020-01-06 20:36:57','2020-01-06 20:36:57'),(637,'ut','Repellat suscipit rem veritatis ipsum atque. Omnis rerum voluptatem sapiente magni eos aut.',5,'unavailable','test-2.PNG',195,'2020-01-06 20:36:57','2020-01-06 20:36:57'),(638,'pariatur','Eveniet suscipit explicabo earum non nostrum earum optio quas.',3,'unavailable','test-3.PNG',195,'2020-01-06 20:36:57','2020-01-06 20:36:57'),(639,'soluta','Sit quaerat quo quam asperiores magnam accusantium et quis.',8,'unavailable','test-3.PNG',79,'2020-01-06 20:36:57','2020-01-06 20:36:57'),(640,'vero','Id enim rerum modi voluptates voluptatibus.',4,'unavailable','test-3.PNG',79,'2020-01-06 20:36:57','2020-01-06 20:36:57'),(641,'soluta','Quidem aut et cumque doloremque odit natus sed. Recusandae et et blanditiis tenetur explicabo vero nihil.',8,'available','test-2.PNG',11,'2020-01-06 20:36:57','2020-01-06 20:36:57'),(642,'natus','Autem quia impedit harum ipsum. Velit ipsa repellat nobis nihil.',8,'unavailable','test-3.PNG',10,'2020-01-06 20:36:57','2020-01-06 20:36:57'),(643,'explicabo','Quae et quia fugit.',5,'available','test-1.PNG',17,'2020-01-06 20:36:57','2020-01-06 20:36:57'),(644,'et','Voluptas rerum est ut sed.',8,'available','test-1.PNG',176,'2020-01-06 20:36:57','2020-01-06 20:36:57'),(645,'corporis','Et voluptatum sit ad rerum molestias non impedit. Occaecati labore a sunt omnis est neque.',7,'available','test-1.PNG',99,'2020-01-06 20:36:57','2020-01-06 20:36:57'),(646,'ducimus','Vel esse nulla et laboriosam eos in ex.',1,'unavailable','test-2.PNG',73,'2020-01-06 20:36:57','2020-01-06 20:36:57'),(647,'debitis','Ex et magnam occaecati nesciunt perspiciatis ut at.',6,'unavailable','test-2.PNG',77,'2020-01-06 20:36:57','2020-01-06 20:36:57'),(648,'voluptatem','Omnis dolores necessitatibus et hic. Voluptas quia velit reiciendis praesentium sit.',7,'available','test-1.PNG',108,'2020-01-06 20:36:57','2020-01-06 20:36:57'),(649,'praesentium','Architecto illo cumque perferendis facilis blanditiis culpa.',1,'available','test-1.PNG',174,'2020-01-06 20:36:57','2020-01-06 20:36:57'),(650,'ab','Magnam nobis fugiat et magnam et in architecto. Molestias omnis sit consectetur officia.',9,'available','test-1.PNG',197,'2020-01-06 20:36:57','2020-01-06 20:36:57'),(651,'deserunt','Animi quae est et delectus maiores quasi eum. Quo ipsa qui neque autem nobis.',5,'unavailable','test-1.PNG',90,'2020-01-06 20:36:57','2020-01-06 20:36:57'),(652,'blanditiis','Rem est earum ad mollitia eos. Deserunt dolor enim ut.',9,'available','test-1.PNG',153,'2020-01-06 20:36:57','2020-01-06 20:36:57'),(653,'natus','Officia voluptatibus modi iste temporibus repellendus rem enim sint. Aut et et eaque enim.',10,'available','test-3.PNG',8,'2020-01-06 20:36:57','2020-01-06 20:36:57'),(654,'quaerat','Fugiat amet deserunt sunt non.',2,'available','test-2.PNG',134,'2020-01-06 20:36:57','2020-01-06 20:36:57'),(655,'qui','Eveniet aliquam consequuntur non autem necessitatibus sint.',2,'unavailable','test-1.PNG',24,'2020-01-06 20:36:57','2020-01-06 20:36:57'),(656,'iste','Laborum et odio voluptatum unde veritatis omnis.',7,'unavailable','test-3.PNG',34,'2020-01-06 20:36:57','2020-01-06 20:36:57'),(657,'placeat','Quisquam quis neque quod molestiae aperiam quidem.',8,'available','test-1.PNG',112,'2020-01-06 20:36:57','2020-01-06 20:36:57'),(658,'dolor','Labore culpa harum nobis illo maiores quod. Tempora doloribus cupiditate harum vel.',2,'unavailable','test-1.PNG',132,'2020-01-06 20:36:57','2020-01-06 20:36:57'),(659,'voluptatum','Architecto illo eaque magni beatae iste.',6,'available','test-3.PNG',125,'2020-01-06 20:36:57','2020-01-06 20:36:57'),(660,'dolorem','Doloribus aut sit numquam iste nesciunt. Atque aperiam laudantium et nihil quibusdam expedita nam.',3,'available','test-2.PNG',157,'2020-01-06 20:36:57','2020-01-06 20:36:57'),(661,'a','Tempora dolore molestias officiis vel aut. Quia fugit sint explicabo atque atque qui et earum.',8,'unavailable','test-1.PNG',105,'2020-01-06 20:36:57','2020-01-06 20:36:57'),(662,'veritatis','Temporibus sed ipsam in atque vel et in.',3,'unavailable','test-1.PNG',152,'2020-01-06 20:36:57','2020-01-06 20:36:57'),(663,'repellendus','Et quia rerum occaecati placeat eaque.',8,'unavailable','test-3.PNG',157,'2020-01-06 20:36:57','2020-01-06 20:36:57'),(664,'soluta','Ut sunt molestias culpa tenetur.',6,'unavailable','test-2.PNG',122,'2020-01-06 20:36:57','2020-01-06 20:36:57'),(665,'ut','Earum illo incidunt ullam ut est. Voluptatibus quaerat eos enim laboriosam facilis.',2,'unavailable','test-3.PNG',89,'2020-01-06 20:36:57','2020-01-06 20:36:57'),(666,'expedita','Veritatis magnam eum voluptatum in dolorum voluptas. Voluptas dignissimos qui enim.',1,'available','test-2.PNG',160,'2020-01-06 20:36:58','2020-01-06 20:36:58'),(667,'quia','Ut nulla quas quibusdam eligendi voluptatem mollitia.',7,'available','test-3.PNG',9,'2020-01-06 20:36:58','2020-01-06 20:36:58'),(668,'deserunt','Dignissimos placeat enim velit a corporis.',10,'unavailable','test-2.PNG',184,'2020-01-06 20:36:58','2020-01-06 20:36:58'),(669,'adipisci','Labore aliquam ut consequuntur quam aspernatur.',6,'available','test-1.PNG',130,'2020-01-06 20:36:58','2020-01-06 20:36:58'),(670,'nemo','Incidunt ducimus pariatur consequatur incidunt in veniam occaecati.',6,'available','test-3.PNG',166,'2020-01-06 20:36:58','2020-01-06 20:36:58'),(671,'numquam','Assumenda fugit minima aut optio explicabo omnis magni. Optio dolorum expedita voluptate commodi.',10,'available','test-1.PNG',136,'2020-01-06 20:36:58','2020-01-06 20:36:58'),(672,'dolore','Quia repudiandae sed iste. Explicabo earum minima saepe praesentium eaque quos laborum.',10,'available','test-3.PNG',176,'2020-01-06 20:36:58','2020-01-06 20:36:58'),(673,'id','Eos aut consequatur voluptatem delectus rem qui ut. Et quaerat fuga recusandae placeat error qui.',3,'unavailable','test-3.PNG',115,'2020-01-06 20:36:58','2020-01-06 20:36:58'),(674,'quisquam','Voluptate ad occaecati eum. Sequi deleniti eligendi dolorem tenetur.',7,'available','test-1.PNG',48,'2020-01-06 20:36:58','2020-01-06 20:36:58'),(675,'aperiam','Quaerat reprehenderit temporibus labore placeat quia est adipisci.',4,'unavailable','test-1.PNG',95,'2020-01-06 20:36:58','2020-01-06 20:36:58'),(676,'impedit','Cum a illo est nam eligendi est quo.',9,'available','test-1.PNG',185,'2020-01-06 20:36:58','2020-01-06 20:36:58'),(677,'sint','Accusantium ut ut est nesciunt nesciunt molestias.',10,'unavailable','test-1.PNG',55,'2020-01-06 20:36:58','2020-01-06 20:36:58'),(678,'et','Placeat voluptatem voluptas ad harum omnis commodi nesciunt.',2,'available','test-2.PNG',175,'2020-01-06 20:36:58','2020-01-06 20:36:58'),(679,'eos','Velit et reprehenderit harum.',9,'available','test-1.PNG',90,'2020-01-06 20:36:58','2020-01-06 20:36:58'),(680,'sed','Ab est esse et consequuntur molestias. Sit esse quia consectetur hic voluptates soluta eveniet et.',9,'unavailable','test-2.PNG',9,'2020-01-06 20:36:58','2020-01-06 20:36:58'),(681,'exercitationem','Est nulla eum et unde ut eum ea.',8,'unavailable','test-1.PNG',113,'2020-01-06 20:36:58','2020-01-06 20:36:58'),(682,'similique','Ducimus culpa dolores atque.',1,'unavailable','test-2.PNG',67,'2020-01-06 20:36:58','2020-01-06 20:36:58'),(683,'dicta','Aliquid nemo atque error vel occaecati. Recusandae consectetur occaecati inventore ea ullam excepturi.',7,'unavailable','test-1.PNG',183,'2020-01-06 20:36:58','2020-01-06 20:36:58'),(684,'facere','Dicta enim velit totam incidunt vel dignissimos.',6,'unavailable','test-2.PNG',154,'2020-01-06 20:36:58','2020-01-06 20:36:58'),(686,'aspernatur','Ut distinctio provident et est magni vitae fugit. Cumque qui aut et impedit.',7,'unavailable','test-2.PNG',100,'2020-01-06 20:36:58','2020-01-06 20:36:58'),(687,'voluptas','Rerum est aspernatur odit tenetur maxime accusantium.',5,'available','test-1.PNG',178,'2020-01-06 20:36:58','2020-01-06 20:36:58'),(688,'assumenda','Autem quas qui temporibus delectus modi error fuga.',3,'unavailable','test-1.PNG',112,'2020-01-06 20:36:58','2020-01-06 20:36:58'),(689,'debitis','Et dicta excepturi accusamus.',6,'available','test-1.PNG',54,'2020-01-06 20:36:58','2020-01-06 20:36:58'),(690,'dolore','Deleniti nesciunt odio est enim.',7,'available','test-1.PNG',28,'2020-01-06 20:36:58','2020-01-06 20:36:58'),(691,'et','Vitae labore magni accusantium quisquam sunt voluptate. At quia sequi inventore.',10,'unavailable','test-3.PNG',20,'2020-01-06 20:36:58','2020-01-06 20:36:58'),(692,'est','Voluptatem ad beatae aliquid mollitia delectus. Corrupti ut id suscipit ad deserunt illo accusantium iste.',9,'unavailable','test-3.PNG',16,'2020-01-06 20:36:58','2020-01-06 20:36:58'),(693,'soluta','Labore dolorum aliquid est molestiae.',8,'unavailable','test-1.PNG',152,'2020-01-06 20:36:58','2020-01-06 20:36:58'),(694,'quia','Maiores cupiditate natus quam dolores. Sit aut ratione eaque.',9,'unavailable','test-3.PNG',34,'2020-01-06 20:36:58','2020-01-06 20:36:58'),(695,'qui','Nulla praesentium est est qui neque. Quia suscipit consequatur atque accusamus quia adipisci dolor ut.',1,'available','test-3.PNG',100,'2020-01-06 20:36:58','2020-01-06 20:36:58'),(696,'omnis','Est natus facere sunt quia modi repellendus qui.',10,'unavailable','test-1.PNG',107,'2020-01-06 20:36:58','2020-01-06 20:36:58'),(697,'assumenda','Quos voluptatem totam beatae illum qui vel. Maxime ipsum porro sunt voluptatum.',5,'available','test-3.PNG',23,'2020-01-06 20:36:58','2020-01-06 20:36:58'),(698,'omnis','Officia iusto distinctio provident aspernatur voluptatem vitae repellendus. Illum numquam qui provident sunt.',5,'unavailable','test-1.PNG',171,'2020-01-06 20:36:58','2020-01-06 20:36:58'),(699,'aliquid','In suscipit nisi est culpa. Nihil molestiae autem asperiores quod.',3,'unavailable','test-2.PNG',88,'2020-01-06 20:36:58','2020-01-06 20:36:58'),(700,'veniam','Sunt eos velit autem natus dolor voluptate voluptatem.',9,'available','test-2.PNG',187,'2020-01-06 20:36:58','2020-01-06 20:36:58'),(701,'earum','Ratione optio voluptas est reprehenderit.',1,'unavailable','test-3.PNG',73,'2020-01-06 20:36:58','2020-01-06 20:36:58'),(702,'in','Laboriosam voluptatem minus quos architecto beatae a nulla.',4,'unavailable','test-2.PNG',39,'2020-01-06 20:36:58','2020-01-06 20:36:58'),(703,'at','Iste voluptatibus vel tempore reprehenderit perferendis.',10,'available','test-1.PNG',95,'2020-01-06 20:36:58','2020-01-06 20:36:58'),(704,'dolorum','Recusandae veniam officia quas et est illo.',10,'available','test-2.PNG',161,'2020-01-06 20:36:58','2020-01-06 20:36:58'),(705,'sed','Ut consequatur veniam dolorem doloremque molestiae. Eos est dignissimos ut adipisci.',6,'unavailable','test-1.PNG',197,'2020-01-06 20:36:58','2020-01-06 20:36:58'),(706,'libero','Deserunt dolore ducimus culpa omnis perspiciatis magnam ipsum. Recusandae dolores ab et id assumenda excepturi.',4,'unavailable','test-3.PNG',145,'2020-01-06 20:36:58','2020-01-06 20:36:58'),(707,'suscipit','Aliquid optio fugit dolore fugit qui.',7,'available','test-3.PNG',158,'2020-01-06 20:36:58','2020-01-06 20:36:58'),(708,'et','Voluptas eos quos ut doloribus quos molestias porro tempore. Aperiam ut eum quia illo distinctio qui optio qui.',9,'unavailable','test-1.PNG',165,'2020-01-06 20:36:58','2020-01-06 20:36:58'),(709,'aut','Omnis recusandae vel sapiente qui quis veritatis officiis.',3,'unavailable','test-3.PNG',48,'2020-01-06 20:36:58','2020-01-06 20:36:58'),(710,'maxime','Amet aut laudantium consequatur quae reprehenderit voluptatem dolorem. Est tempore assumenda id quo reprehenderit unde maiores.',7,'available','test-3.PNG',142,'2020-01-06 20:36:58','2020-01-06 20:36:58'),(711,'accusantium','Quis consectetur debitis explicabo cumque iusto. Molestiae ratione maiores labore autem dolorem explicabo recusandae repellat.',8,'available','test-3.PNG',94,'2020-01-06 20:36:58','2020-01-06 20:36:58'),(712,'sed','Sunt nisi porro error maxime sapiente necessitatibus officiis commodi. Illo temporibus rem dolorem ut eum asperiores.',10,'available','test-1.PNG',193,'2020-01-06 20:36:58','2020-01-06 20:36:58'),(713,'natus','Aspernatur dolor ipsam vero quisquam.',10,'unavailable','test-2.PNG',114,'2020-01-06 20:36:58','2020-01-06 20:36:58'),(714,'a','Quis at dolor quae minima quis nobis totam. Et quo voluptatem natus.',10,'available','test-3.PNG',119,'2020-01-06 20:36:58','2020-01-06 20:36:58'),(715,'nulla','Minima modi omnis eveniet illo sunt voluptatum. Qui et et rem corrupti.',4,'unavailable','test-3.PNG',157,'2020-01-06 20:36:58','2020-01-06 20:36:58'),(716,'ut','Sit labore magnam in blanditiis sequi. Cupiditate qui hic voluptatem maiores.',9,'available','test-1.PNG',95,'2020-01-06 20:36:58','2020-01-06 20:36:58'),(717,'rerum','Delectus aut fugiat dolores minima minima sit voluptatem eos.',6,'available','test-2.PNG',97,'2020-01-06 20:36:58','2020-01-06 20:36:58'),(718,'est','Fugit voluptatem dignissimos nihil dolores impedit. Dolore voluptatum quia vero quaerat et.',7,'available','test-1.PNG',87,'2020-01-06 20:36:58','2020-01-06 20:36:58'),(719,'aut','Inventore ut iste possimus quia possimus dignissimos velit.',9,'available','test-1.PNG',57,'2020-01-06 20:36:58','2020-01-06 20:36:58'),(720,'neque','Ut doloremque sit praesentium.',6,'unavailable','test-2.PNG',182,'2020-01-06 20:36:58','2020-01-06 20:36:58'),(721,'error','Consequatur incidunt porro aut rerum est.',8,'available','test-2.PNG',94,'2020-01-06 20:36:58','2020-01-06 20:36:58'),(722,'ea','Et at quibusdam culpa adipisci et consequuntur debitis.',7,'available','test-3.PNG',11,'2020-01-06 20:36:58','2020-01-06 20:36:58'),(723,'corrupti','Et consequuntur provident voluptas explicabo.',4,'available','test-1.PNG',120,'2020-01-06 20:36:58','2020-01-06 20:36:58'),(724,'nisi','Qui qui doloremque ad. Et et sed dolore amet tempore omnis.',3,'unavailable','test-3.PNG',20,'2020-01-06 20:36:58','2020-01-06 20:36:58'),(725,'et','Reiciendis sequi aut ducimus non dicta. Omnis reiciendis fuga dolores officia.',2,'unavailable','test-3.PNG',86,'2020-01-06 20:36:58','2020-01-06 20:36:58'),(726,'dolorem','Est cupiditate sunt aspernatur culpa quis inventore. Alias possimus tempore ullam ut.',8,'unavailable','test-3.PNG',98,'2020-01-06 20:36:58','2020-01-06 20:36:58'),(727,'dolore','Voluptas dicta non temporibus optio quasi eveniet.',9,'available','test-1.PNG',24,'2020-01-06 20:36:58','2020-01-06 20:36:58'),(728,'ut','Sunt corrupti placeat hic a. Consequuntur ut architecto et id et architecto.',8,'available','test-3.PNG',61,'2020-01-06 20:36:58','2020-01-06 20:36:58'),(729,'ratione','Doloribus rerum officia distinctio culpa numquam reiciendis fugiat.',1,'unavailable','test-3.PNG',92,'2020-01-06 20:36:58','2020-01-06 20:36:58'),(730,'ipsam','Officiis numquam expedita et nostrum tempora eligendi velit vitae. Rerum amet sint eos aliquid sit quasi laborum saepe.',4,'unavailable','test-3.PNG',107,'2020-01-06 20:36:58','2020-01-06 20:36:58'),(731,'nostrum','Ea excepturi illum rerum aut enim. Autem at aut dignissimos.',4,'unavailable','test-1.PNG',144,'2020-01-06 20:36:58','2020-01-06 20:36:58'),(732,'eveniet','Fugit tempore aut ea doloribus delectus pariatur. Dolore ipsa recusandae est laborum.',5,'unavailable','test-3.PNG',82,'2020-01-06 20:36:58','2020-01-06 20:36:58'),(733,'expedita','Velit quidem eveniet laborum voluptatum. Rerum nostrum ad porro nobis.',1,'available','test-2.PNG',82,'2020-01-06 20:36:58','2020-01-06 20:36:58'),(734,'fugit','Aut et itaque tenetur temporibus iure esse doloremque.',1,'available','test-3.PNG',74,'2020-01-06 20:36:58','2020-01-06 20:36:58'),(735,'animi','Sequi dolorum aut repudiandae ipsa sint nisi. Et consectetur vel et eum totam.',9,'unavailable','test-2.PNG',121,'2020-01-06 20:36:58','2020-01-06 20:36:58'),(736,'et','Odio sunt unde sit suscipit. Eos illo pariatur voluptas sequi ut magnam.',8,'unavailable','test-2.PNG',111,'2020-01-06 20:36:58','2020-01-06 20:36:58'),(737,'minus','Error distinctio placeat laborum quia quis. Asperiores ea veritatis totam consequatur aut cum molestiae fugiat.',3,'available','test-1.PNG',57,'2020-01-06 20:36:58','2020-01-06 20:36:58'),(738,'aut','Cupiditate rerum architecto ipsa provident rem. Expedita harum et quibusdam dignissimos atque.',8,'unavailable','test-2.PNG',48,'2020-01-06 20:36:58','2020-01-06 20:36:58'),(739,'et','Tempore veritatis incidunt inventore et molestiae vel. Eum sunt consequatur et quasi perspiciatis neque.',6,'available','test-2.PNG',136,'2020-01-06 20:36:58','2020-01-06 20:36:58'),(740,'vitae','Est necessitatibus ut esse cupiditate est. Sint non nihil officia adipisci modi officiis recusandae dolor.',6,'unavailable','test-3.PNG',17,'2020-01-06 20:36:58','2020-01-06 20:36:58'),(741,'deleniti','Mollitia aut corporis nostrum non. Voluptas ut quia numquam facere.',2,'available','test-3.PNG',64,'2020-01-06 20:36:58','2020-01-06 20:36:58'),(742,'nemo','Nam architecto error quod consequatur repellat.',6,'available','test-3.PNG',41,'2020-01-06 20:36:58','2020-01-06 20:36:58'),(743,'similique','Exercitationem corporis eius blanditiis similique est.',7,'available','test-2.PNG',5,'2020-01-06 20:36:58','2020-01-06 20:36:58'),(744,'magni','Ut ipsam est quidem perspiciatis fuga aut iste deleniti.',2,'available','test-3.PNG',54,'2020-01-06 20:36:58','2020-01-06 20:36:58'),(745,'et','Id et beatae quam eos ab earum. Commodi itaque architecto voluptas et veniam repellendus quia.',5,'available','test-2.PNG',155,'2020-01-06 20:36:58','2020-01-06 20:36:58'),(746,'numquam','Nihil consectetur ullam mollitia amet.',4,'available','test-1.PNG',198,'2020-01-06 20:36:58','2020-01-06 20:36:58'),(747,'qui','Alias vero aspernatur quis praesentium. Voluptatem nesciunt nihil et qui.',8,'available','test-3.PNG',171,'2020-01-06 20:36:58','2020-01-06 20:36:58'),(748,'reiciendis','Qui et repudiandae iusto corrupti.',2,'available','test-1.PNG',58,'2020-01-06 20:36:58','2020-01-06 20:36:58'),(749,'ea','Nemo explicabo enim dolor est quia dicta.',1,'available','test-1.PNG',54,'2020-01-06 20:36:58','2020-01-06 20:36:58'),(750,'a','Dolorum est odio architecto optio cumque error modi perspiciatis.',8,'available','test-3.PNG',189,'2020-01-06 20:36:58','2020-01-06 20:36:58'),(751,'illum','Ducimus quos nobis enim iste nam nisi. Praesentium ea a a doloremque rem quaerat fugit.',6,'available','test-2.PNG',131,'2020-01-06 20:36:58','2020-01-06 20:36:58'),(752,'consequatur','Dolor neque consequatur itaque facere corporis veritatis quis.',1,'available','test-2.PNG',155,'2020-01-06 20:36:58','2020-01-06 20:36:58'),(753,'dolorem','Voluptatem aut illum debitis sint tenetur et recusandae.',4,'unavailable','test-2.PNG',119,'2020-01-06 20:36:58','2020-01-06 20:36:58'),(754,'ut','Consequatur consequatur odit nostrum aut.',6,'available','test-3.PNG',94,'2020-01-06 20:36:58','2020-01-06 20:36:58'),(755,'ratione','Dolores qui aut nihil modi ex accusantium.',6,'available','test-2.PNG',162,'2020-01-06 20:36:58','2020-01-06 20:36:58'),(756,'voluptatem','In neque deserunt omnis soluta ab quis officiis inventore.',6,'available','test-2.PNG',71,'2020-01-06 20:36:58','2020-01-06 20:36:58'),(757,'facilis','Suscipit atque nam magni qui.',8,'available','test-1.PNG',59,'2020-01-06 20:36:58','2020-01-06 20:36:58'),(758,'laborum','Illo est sint sit incidunt qui assumenda eveniet qui. Et quod aliquam sit nesciunt.',8,'unavailable','test-2.PNG',105,'2020-01-06 20:36:58','2020-01-06 20:36:58'),(759,'qui','Quia molestiae quisquam ipsum totam hic officiis.',1,'unavailable','test-3.PNG',91,'2020-01-06 20:36:58','2020-01-06 20:36:58'),(760,'repudiandae','Officiis itaque alias commodi nesciunt assumenda voluptatibus. Explicabo quis aspernatur quos illo quidem dolorem autem id.',9,'available','test-1.PNG',84,'2020-01-06 20:36:58','2020-01-06 20:36:58'),(761,'quibusdam','In sit et quisquam et quibusdam. Explicabo eos minima est illum incidunt impedit.',10,'available','test-3.PNG',94,'2020-01-06 20:36:58','2020-01-06 20:36:58'),(762,'eum','Placeat ducimus nihil iste ipsam neque libero. Reiciendis et veniam iure quaerat aut nihil.',5,'unavailable','test-1.PNG',112,'2020-01-06 20:36:58','2020-01-06 20:36:58'),(763,'temporibus','Ducimus qui et rerum nemo dolores praesentium.',4,'unavailable','test-3.PNG',137,'2020-01-06 20:36:58','2020-01-06 20:36:58'),(764,'minus','Illum autem inventore aliquid. Dolorem odio consequatur modi.',4,'available','test-1.PNG',122,'2020-01-06 20:36:58','2020-01-06 20:36:58'),(765,'optio','Ea voluptate qui qui mollitia et impedit. Dolores inventore id possimus voluptatem.',7,'available','test-2.PNG',100,'2020-01-06 20:36:58','2020-01-06 20:36:58'),(766,'autem','Voluptatum voluptatem dolorem commodi. Explicabo quia in dolorem in exercitationem minus.',4,'unavailable','test-2.PNG',138,'2020-01-06 20:36:58','2020-01-06 20:36:58'),(767,'nemo','Praesentium perferendis quo velit et.',7,'unavailable','test-1.PNG',136,'2020-01-06 20:36:58','2020-01-06 20:36:58'),(768,'quo','Incidunt reiciendis neque debitis ratione neque distinctio.',4,'available','test-2.PNG',62,'2020-01-06 20:36:58','2020-01-06 20:36:58'),(769,'vel','Odit pariatur numquam vel harum.',7,'unavailable','test-1.PNG',171,'2020-01-06 20:36:58','2020-01-06 20:36:58'),(770,'et','Tempore est eveniet soluta odit hic.',5,'available','test-3.PNG',44,'2020-01-06 20:36:58','2020-01-06 20:36:58'),(771,'quae','Doloribus modi quidem ipsam et expedita consequatur et. Similique delectus maxime voluptates vel iste nesciunt.',1,'unavailable','test-3.PNG',3,'2020-01-06 20:36:58','2020-01-06 20:36:58'),(772,'sit','Et suscipit dolor libero ut quasi nam ut. Voluptate natus et quas quaerat.',4,'unavailable','test-1.PNG',73,'2020-01-06 20:36:58','2020-01-06 20:36:58'),(773,'nihil','Placeat numquam in animi rerum.',6,'unavailable','test-1.PNG',79,'2020-01-06 20:36:58','2020-01-06 20:36:58'),(774,'magnam','Perspiciatis qui rerum repudiandae amet.',5,'unavailable','test-3.PNG',22,'2020-01-06 20:36:58','2020-01-06 20:36:58'),(775,'expedita','Ipsam quod omnis nihil molestias aut et.',8,'unavailable','test-3.PNG',148,'2020-01-06 20:36:58','2020-01-06 20:36:58'),(776,'id','Provident nemo rerum quia mollitia.',6,'available','test-3.PNG',52,'2020-01-06 20:36:58','2020-01-06 20:36:58'),(777,'nulla','Sequi animi eveniet eum rerum.',1,'available','test-3.PNG',150,'2020-01-06 20:36:58','2020-01-06 20:36:58'),(778,'autem','Sunt dolores quo ipsam magni voluptas ut. Ut id laboriosam labore omnis.',8,'unavailable','test-3.PNG',177,'2020-01-06 20:36:58','2020-01-06 20:36:58'),(779,'sint','Sapiente nihil velit qui.',6,'unavailable','test-1.PNG',194,'2020-01-06 20:36:58','2020-01-06 20:36:58'),(780,'dicta','Quia rerum nemo qui accusamus aut et eaque. Consequatur sit impedit atque ex nihil dolore aliquam.',1,'available','test-3.PNG',36,'2020-01-06 20:36:58','2020-01-06 20:36:58'),(781,'odio','A assumenda ea porro tempora. Quibusdam sint non vel deleniti qui culpa consequatur sint.',4,'unavailable','test-3.PNG',55,'2020-01-06 20:36:58','2020-01-06 20:36:58'),(782,'magnam','Ullam velit optio est incidunt consequuntur voluptas omnis.',10,'unavailable','test-3.PNG',31,'2020-01-06 20:36:58','2020-01-06 20:36:58'),(783,'quis','Esse blanditiis voluptatem sint corrupti eveniet earum. Sunt rem qui eaque.',4,'available','test-2.PNG',33,'2020-01-06 20:36:58','2020-01-06 20:36:58'),(784,'accusamus','Soluta velit voluptates magni vel debitis. Ut animi atque quia quaerat ut officia magni.',8,'unavailable','test-2.PNG',166,'2020-01-06 20:36:58','2020-01-06 20:36:58'),(785,'velit','Magnam velit officiis quaerat rerum. Et ut voluptatum voluptas velit placeat doloribus dolorem.',5,'available','test-2.PNG',110,'2020-01-06 20:36:58','2020-01-06 20:36:58'),(786,'accusantium','Enim tempore dolor asperiores excepturi ab facere impedit. Delectus aliquam excepturi velit consequatur.',2,'available','test-2.PNG',156,'2020-01-06 20:36:58','2020-01-06 20:36:58'),(787,'vel','Maxime quo illo repellendus animi excepturi autem pariatur distinctio.',9,'available','test-1.PNG',25,'2020-01-06 20:36:58','2020-01-06 20:36:58'),(788,'molestiae','Officiis est ea numquam impedit dolores est.',3,'unavailable','test-1.PNG',128,'2020-01-06 20:36:58','2020-01-06 20:36:58'),(789,'labore','Dolorum ipsam ut mollitia. Minima placeat nihil et sint cupiditate non doloribus.',2,'available','test-3.PNG',81,'2020-01-06 20:36:58','2020-01-06 20:36:58'),(790,'vel','Laboriosam eaque autem voluptatem dicta ut. Delectus aut et veritatis.',8,'unavailable','test-2.PNG',32,'2020-01-06 20:36:58','2020-01-06 20:36:58'),(791,'perspiciatis','Odit est ea provident quod rerum ducimus. Quia adipisci odit reiciendis culpa delectus hic dolores.',1,'available','test-2.PNG',156,'2020-01-06 20:36:58','2020-01-06 20:36:58'),(792,'consectetur','Fugiat necessitatibus a architecto labore aut nam ut. Omnis quia quam rem.',6,'available','test-3.PNG',140,'2020-01-06 20:36:58','2020-01-06 20:36:58'),(793,'earum','Magnam placeat deleniti id eos. Iusto ut ut voluptatem illum consequatur.',4,'available','test-2.PNG',98,'2020-01-06 20:36:58','2020-01-06 20:36:58'),(794,'qui','Reiciendis minus quasi atque eveniet.',7,'available','test-2.PNG',25,'2020-01-06 20:36:58','2020-01-06 20:36:58'),(795,'dolores','Blanditiis iure quibusdam quo laudantium enim soluta.',10,'unavailable','test-3.PNG',169,'2020-01-06 20:36:58','2020-01-06 20:36:58'),(796,'iure','Asperiores quia saepe aut qui iusto. Distinctio voluptatum quos aperiam molestiae asperiores accusamus numquam.',2,'unavailable','test-1.PNG',44,'2020-01-06 20:36:58','2020-01-06 20:36:58'),(797,'eos','At et quas quo sed dolore adipisci officiis ipsa. Quod voluptatem ea facilis unde omnis vel suscipit est.',8,'unavailable','test-1.PNG',129,'2020-01-06 20:36:58','2020-01-06 20:36:58'),(798,'enim','Quisquam vel aut et molestiae. Sequi et ex ipsam.',9,'available','test-3.PNG',32,'2020-01-06 20:36:58','2020-01-06 20:36:58'),(799,'vel','Omnis consequatur earum sint autem ipsum necessitatibus.',8,'unavailable','test-2.PNG',62,'2020-01-06 20:36:58','2020-01-06 20:36:58'),(800,'omnis','Et quis molestias porro est magnam ad quisquam. Est necessitatibus velit dolorem placeat voluptatem repudiandae.',10,'unavailable','test-1.PNG',194,'2020-01-06 20:36:58','2020-01-06 20:36:58'),(801,'vel','Modi voluptas rerum modi illum sed consequatur est est. Velit est beatae doloremque quia.',8,'unavailable','test-1.PNG',153,'2020-01-06 20:36:59','2020-01-06 20:36:59'),(802,'maiores','Fugiat provident et autem quis sunt.',10,'unavailable','test-3.PNG',176,'2020-01-06 20:36:59','2020-01-06 20:36:59'),(803,'labore','Vel vel ab aspernatur voluptates quia. Odio voluptatem et laudantium quibusdam eius esse quasi.',5,'unavailable','test-2.PNG',134,'2020-01-06 20:36:59','2020-01-06 20:36:59'),(804,'quia','Aut quibusdam omnis doloribus fugit. Vitae qui ex adipisci nihil ea.',5,'unavailable','test-1.PNG',108,'2020-01-06 20:36:59','2020-01-06 20:36:59'),(805,'libero','Dolorem est blanditiis nulla est itaque libero dolore. Voluptas voluptate minima vero omnis voluptatem.',6,'unavailable','test-3.PNG',169,'2020-01-06 20:36:59','2020-01-06 20:36:59'),(806,'suscipit','Aperiam quisquam dolor sed porro porro.',2,'unavailable','test-2.PNG',171,'2020-01-06 20:36:59','2020-01-06 20:36:59'),(807,'pariatur','Non consequatur facere quis sit. Voluptates suscipit consectetur error ut quas id rerum voluptates.',8,'unavailable','test-2.PNG',34,'2020-01-06 20:36:59','2020-01-06 20:36:59'),(808,'debitis','Labore ipsam ducimus quia architecto reiciendis porro asperiores in. Nihil et est quos qui magnam.',5,'unavailable','test-2.PNG',119,'2020-01-06 20:36:59','2020-01-06 20:36:59'),(809,'adipisci','Aspernatur aut est ea laborum nam id. Quo numquam nihil fugit blanditiis nam.',8,'available','test-3.PNG',48,'2020-01-06 20:36:59','2020-01-06 20:36:59'),(810,'enim','Impedit non delectus et quia ut placeat unde.',7,'available','test-2.PNG',119,'2020-01-06 20:36:59','2020-01-06 20:36:59'),(811,'recusandae','Assumenda nam vitae omnis magni quod expedita. Fuga consequuntur exercitationem pariatur voluptas corrupti odit perspiciatis.',6,'unavailable','test-3.PNG',169,'2020-01-06 20:36:59','2020-01-06 20:36:59'),(812,'eveniet','Ut dicta quos consequatur porro quas suscipit eaque qui.',4,'available','test-2.PNG',65,'2020-01-06 20:36:59','2020-01-06 20:36:59'),(813,'reiciendis','Ipsam deserunt vel rerum perspiciatis voluptates.',2,'available','test-1.PNG',168,'2020-01-06 20:36:59','2020-01-06 20:36:59'),(814,'qui','Ipsam autem dolore maxime facilis. Inventore eaque rerum quasi quia voluptate labore possimus saepe.',7,'unavailable','test-1.PNG',129,'2020-01-06 20:36:59','2020-01-06 20:36:59'),(815,'sit','Ut culpa aut sapiente earum. Tempora sunt in dignissimos omnis.',5,'available','test-3.PNG',5,'2020-01-06 20:36:59','2020-01-06 20:36:59'),(816,'repudiandae','In excepturi esse id ipsa.',6,'available','test-1.PNG',62,'2020-01-06 20:36:59','2020-01-06 20:36:59'),(817,'id','Non odit quo autem quo ea. Dicta accusamus tempore accusamus sit recusandae soluta ad.',10,'unavailable','test-2.PNG',37,'2020-01-06 20:36:59','2020-01-06 20:36:59'),(818,'illum','Cum aspernatur fugit assumenda non. Quidem velit blanditiis quo et ad est.',8,'unavailable','test-1.PNG',185,'2020-01-06 20:36:59','2020-01-06 20:36:59'),(819,'blanditiis','Repellat ut delectus vero enim. Tenetur rem esse ab veniam culpa consectetur dolores.',6,'available','test-1.PNG',187,'2020-01-06 20:36:59','2020-01-06 20:36:59'),(820,'repellendus','Atque rerum est cum dicta ut maxime. Sed nam sed quo et.',3,'available','test-3.PNG',29,'2020-01-06 20:36:59','2020-01-06 20:36:59'),(821,'dolorum','Animi dolore rerum earum. Ullam omnis modi aut facere et.',1,'unavailable','test-1.PNG',45,'2020-01-06 20:36:59','2020-01-06 20:36:59'),(822,'mollitia','Et maxime similique et expedita autem voluptate. Aut vitae nobis nihil.',3,'unavailable','test-1.PNG',176,'2020-01-06 20:36:59','2020-01-06 20:36:59'),(823,'rerum','Quisquam et voluptatem id aut aut numquam et nam. Laborum quisquam et mollitia impedit similique aut voluptatem.',5,'unavailable','test-2.PNG',87,'2020-01-06 20:36:59','2020-01-06 20:36:59'),(824,'non','Nisi deleniti quod consequuntur iusto. In dolorum aut veritatis est ab.',7,'available','test-1.PNG',159,'2020-01-06 20:36:59','2020-01-06 20:36:59'),(825,'impedit','Dolores eligendi et ut. Officia harum possimus et dolor totam dolorum quia nisi.',9,'available','test-2.PNG',8,'2020-01-06 20:36:59','2020-01-06 20:36:59'),(826,'nesciunt','Voluptatem incidunt aliquam dignissimos sint aliquam iusto quis.',7,'available','test-3.PNG',58,'2020-01-06 20:36:59','2020-01-06 20:36:59'),(827,'sequi','Doloremque quam consequatur aut voluptatem commodi vel.',4,'available','test-3.PNG',145,'2020-01-06 20:36:59','2020-01-06 20:36:59'),(828,'aut','Expedita dolorem aut nemo architecto.',7,'available','test-1.PNG',39,'2020-01-06 20:36:59','2020-01-06 20:36:59'),(829,'dignissimos','Aliquam quos occaecati qui.',7,'available','test-3.PNG',97,'2020-01-06 20:36:59','2020-01-06 20:36:59'),(830,'optio','Debitis quam modi ratione. Unde beatae temporibus similique sequi.',10,'unavailable','test-3.PNG',189,'2020-01-06 20:36:59','2020-01-06 20:36:59'),(831,'maxime','Perferendis velit eos saepe eius nisi explicabo blanditiis reprehenderit. Est voluptate voluptatem vel reiciendis id similique et minus.',8,'available','test-2.PNG',113,'2020-01-06 20:36:59','2020-01-06 20:36:59'),(832,'consectetur','Nulla eos vel qui laborum qui dolorum. Culpa voluptate vero reiciendis dolores quia.',2,'unavailable','test-1.PNG',32,'2020-01-06 20:36:59','2020-01-06 20:36:59'),(833,'enim','Molestiae vel rerum reiciendis odit. Dolorum omnis sed nobis dolor eum.',5,'unavailable','test-2.PNG',138,'2020-01-06 20:36:59','2020-01-06 20:36:59'),(834,'maiores','Reiciendis qui sed dolor beatae. Dolorem accusamus alias nostrum quis.',7,'unavailable','test-2.PNG',81,'2020-01-06 20:36:59','2020-01-06 20:36:59'),(835,'quia','Officia dicta nisi recusandae exercitationem ut qui molestiae.',4,'available','test-1.PNG',184,'2020-01-06 20:36:59','2020-01-06 20:36:59'),(836,'repellat','Earum nemo esse atque aut eaque accusamus.',10,'unavailable','test-1.PNG',50,'2020-01-06 20:36:59','2020-01-06 20:36:59'),(837,'neque','Cupiditate libero id autem.',3,'unavailable','test-1.PNG',74,'2020-01-06 20:36:59','2020-01-06 20:36:59'),(838,'impedit','Et voluptatum eos atque sapiente velit perspiciatis omnis. Laboriosam autem quibusdam ut tempore numquam.',6,'unavailable','test-1.PNG',69,'2020-01-06 20:36:59','2020-01-06 20:36:59'),(839,'et','Laborum non est voluptas nesciunt totam ad. Rerum et quo sed vero est.',8,'available','test-3.PNG',110,'2020-01-06 20:36:59','2020-01-06 20:36:59'),(840,'laboriosam','Placeat quibusdam veniam non sit.',8,'unavailable','test-1.PNG',66,'2020-01-06 20:36:59','2020-01-06 20:36:59'),(841,'occaecati','Sapiente consequatur sunt molestiae qui ut dolores. Nulla rerum est id ut quam nulla.',10,'available','test-2.PNG',61,'2020-01-06 20:36:59','2020-01-06 20:36:59'),(842,'aspernatur','Dolorem et atque est aspernatur sed voluptatem animi quia.',6,'available','test-3.PNG',14,'2020-01-06 20:36:59','2020-01-06 20:36:59'),(843,'accusantium','Neque laborum quod nesciunt rerum. Aut quis quaerat eligendi velit et recusandae quidem.',4,'available','test-3.PNG',6,'2020-01-06 20:36:59','2020-01-06 20:36:59'),(844,'at','Vero animi magni enim. Dicta sequi aut minima labore.',8,'available','test-3.PNG',30,'2020-01-06 20:36:59','2020-01-06 20:36:59'),(845,'voluptatem','Velit quis aut aut. Ut aut nihil odio exercitationem aut et impedit omnis.',5,'available','test-3.PNG',81,'2020-01-06 20:36:59','2020-01-06 20:36:59'),(846,'delectus','Earum voluptatum voluptatem eos ut dolor. Voluptatem doloremque id est distinctio consequuntur.',1,'unavailable','test-2.PNG',129,'2020-01-06 20:36:59','2020-01-06 20:36:59'),(847,'doloribus','Dignissimos illo quam assumenda est qui voluptatum. Sunt omnis dolores eveniet repellat.',9,'available','test-1.PNG',145,'2020-01-06 20:36:59','2020-01-06 20:36:59'),(848,'fuga','Molestiae nam repellat ad a molestias.',2,'available','test-2.PNG',32,'2020-01-06 20:36:59','2020-01-06 20:36:59'),(849,'corporis','Autem itaque beatae quidem aut. Illum ducimus consequatur provident.',1,'available','test-1.PNG',148,'2020-01-06 20:36:59','2020-01-06 20:36:59'),(850,'voluptatem','Illo id unde porro vitae sit.',10,'unavailable','test-3.PNG',154,'2020-01-06 20:36:59','2020-01-06 20:36:59'),(851,'deserunt','Unde ipsum dolorem dolores eius. Totam molestiae est non vel.',6,'unavailable','test-1.PNG',59,'2020-01-06 20:36:59','2020-01-06 20:36:59'),(852,'fuga','Sed illum id corporis est voluptas. Dolores explicabo dolorem fuga et.',9,'unavailable','test-3.PNG',128,'2020-01-06 20:36:59','2020-01-06 20:36:59'),(853,'non','Corrupti enim eum officiis beatae maiores dolores. Veniam voluptas dolorem eaque quaerat nihil aliquam fugit.',10,'unavailable','test-1.PNG',81,'2020-01-06 20:36:59','2020-01-06 20:36:59'),(854,'quia','Delectus est qui sed natus quia. Veritatis eos unde et repellat ut et illum.',8,'unavailable','test-1.PNG',53,'2020-01-06 20:36:59','2020-01-06 20:36:59'),(855,'sed','Consectetur deserunt eligendi dolor reiciendis qui quae dolore quia. Corrupti eos eaque quae fugit voluptates.',10,'unavailable','test-1.PNG',25,'2020-01-06 20:36:59','2020-01-06 20:36:59'),(856,'officiis','Laboriosam tempore cum sed ab quia sint. Ut voluptatem soluta vitae voluptatum suscipit.',9,'unavailable','test-3.PNG',26,'2020-01-06 20:36:59','2020-01-06 20:36:59'),(857,'omnis','Perspiciatis ut ratione totam nostrum quisquam harum.',8,'available','test-1.PNG',64,'2020-01-06 20:36:59','2020-01-06 20:36:59'),(858,'sunt','Nihil vel blanditiis ut repellendus. Ullam sunt ipsum necessitatibus.',5,'unavailable','test-2.PNG',99,'2020-01-06 20:36:59','2020-01-06 20:36:59'),(859,'facilis','Et delectus voluptatem aut.',1,'unavailable','test-2.PNG',37,'2020-01-06 20:36:59','2020-01-06 20:36:59'),(860,'ullam','Aut ea recusandae explicabo quam cum et esse ipsa. Sint aut autem ut voluptatem aut.',10,'available','test-1.PNG',28,'2020-01-06 20:36:59','2020-01-06 20:36:59'),(861,'nam','In porro eaque ut sit eos.',4,'available','test-3.PNG',54,'2020-01-06 20:36:59','2020-01-06 20:36:59'),(862,'sed','Quod quaerat explicabo qui mollitia ad.',2,'available','test-3.PNG',176,'2020-01-06 20:36:59','2020-01-06 20:36:59'),(863,'quibusdam','Sint alias eius mollitia qui qui sequi ex.',3,'available','test-2.PNG',23,'2020-01-06 20:36:59','2020-01-06 20:36:59'),(864,'nihil','Eos impedit et molestiae enim dolore tenetur. Nesciunt et veritatis illo iure est itaque magnam.',2,'unavailable','test-3.PNG',192,'2020-01-06 20:36:59','2020-01-06 20:36:59'),(865,'ab','Dignissimos aliquid facere quae eius pariatur. Adipisci doloribus quaerat accusamus natus odio sit.',4,'unavailable','test-2.PNG',63,'2020-01-06 20:36:59','2020-01-06 20:36:59'),(866,'rerum','Quisquam libero esse exercitationem ipsa. Cupiditate velit modi architecto aut rem qui dolorum.',8,'available','test-1.PNG',186,'2020-01-06 20:36:59','2020-01-06 20:36:59'),(867,'molestiae','Incidunt laudantium minus a enim. Sunt aut veritatis corrupti odit dolor nam.',1,'available','test-2.PNG',49,'2020-01-06 20:36:59','2020-01-06 20:36:59'),(868,'ipsum','Error architecto a expedita sint consequatur alias facere.',6,'available','test-1.PNG',4,'2020-01-06 20:36:59','2020-01-06 20:36:59'),(869,'eum','Odit dolores occaecati rerum adipisci dolores quas deserunt.',1,'available','test-2.PNG',123,'2020-01-06 20:36:59','2020-01-06 20:36:59'),(870,'et','Necessitatibus et vero sed quam et ex. Illo sapiente qui aut rerum sit.',6,'available','test-3.PNG',193,'2020-01-06 20:36:59','2020-01-06 20:36:59'),(871,'atque','Rerum omnis ab repellendus laudantium.',10,'available','test-2.PNG',196,'2020-01-06 20:36:59','2020-01-06 20:36:59'),(872,'perspiciatis','Sed vel libero deleniti expedita soluta et consequatur. Aspernatur repellat expedita inventore.',8,'unavailable','test-1.PNG',194,'2020-01-06 20:36:59','2020-01-06 20:36:59'),(873,'magni','Aliquid in iste cumque et sit sequi a. Enim dolore temporibus quod ut delectus nihil inventore.',1,'unavailable','test-2.PNG',88,'2020-01-06 20:36:59','2020-01-06 20:36:59'),(874,'ad','Excepturi eaque ut ad ut. Et omnis ea veniam qui ducimus aut.',1,'available','test-3.PNG',72,'2020-01-06 20:36:59','2020-01-06 20:36:59'),(875,'minus','Alias aut et animi ut culpa odio sed. Dolore commodi et dolorum voluptatem vitae sint consectetur.',10,'unavailable','test-1.PNG',128,'2020-01-06 20:36:59','2020-01-06 20:36:59'),(876,'autem','Labore vel illo dolores commodi. Eius voluptatem sint quia vel.',6,'unavailable','test-2.PNG',186,'2020-01-06 20:36:59','2020-01-06 20:36:59'),(877,'quo','Quo vel error ducimus quos consectetur ut.',2,'unavailable','test-1.PNG',21,'2020-01-06 20:36:59','2020-01-06 20:36:59'),(878,'quia','Voluptates qui doloribus voluptas et molestias molestias laborum dolor.',4,'unavailable','test-1.PNG',153,'2020-01-06 20:36:59','2020-01-06 20:36:59'),(879,'accusamus','Sint et aut minima porro non.',10,'unavailable','test-1.PNG',83,'2020-01-06 20:36:59','2020-01-06 20:36:59'),(880,'numquam','Non et ea quibusdam odio accusamus.',5,'unavailable','test-3.PNG',113,'2020-01-06 20:36:59','2020-01-06 20:36:59'),(881,'unde','Delectus repellat modi eveniet neque et voluptatibus aliquid.',7,'unavailable','test-3.PNG',9,'2020-01-06 20:36:59','2020-01-06 20:36:59'),(882,'aliquam','Magni et omnis voluptatum in hic rem.',6,'available','test-3.PNG',6,'2020-01-06 20:36:59','2020-01-06 20:36:59'),(883,'tempora','Aut possimus quisquam iste non doloremque iure est.',8,'available','test-3.PNG',166,'2020-01-06 20:36:59','2020-01-06 20:36:59'),(884,'voluptatum','Sunt est architecto repellat sit rem aut nisi. Fugiat repellendus nihil blanditiis minus voluptatem.',5,'available','test-3.PNG',3,'2020-01-06 20:36:59','2020-01-06 20:36:59'),(885,'eos','Hic illo et voluptatem numquam. Aperiam rem dolor officiis dolorem quae natus quia eligendi.',6,'available','test-2.PNG',61,'2020-01-06 20:36:59','2020-01-06 20:36:59'),(886,'voluptatem','Facilis corrupti omnis quia rerum ut dolor eum.',5,'available','test-2.PNG',5,'2020-01-06 20:36:59','2020-01-06 20:36:59'),(887,'ipsam','Delectus et veritatis quibusdam aut. Ut laborum aliquam tempora et blanditiis ut.',9,'available','test-3.PNG',187,'2020-01-06 20:36:59','2020-01-06 20:36:59'),(888,'ipsum','Vero fugit ut a rerum. Sunt non qui qui aut facilis.',2,'available','test-1.PNG',24,'2020-01-06 20:36:59','2020-01-06 20:36:59'),(889,'eos','Eveniet sed ut corrupti et eaque rem inventore quae. Saepe non a id hic corrupti temporibus.',2,'unavailable','test-1.PNG',109,'2020-01-06 20:36:59','2020-01-06 20:36:59'),(890,'quaerat','Dolorem voluptatem qui consequatur quis in.',3,'unavailable','test-1.PNG',79,'2020-01-06 20:36:59','2020-01-06 20:36:59'),(891,'dicta','Quod qui odio et sint debitis blanditiis.',2,'unavailable','test-1.PNG',72,'2020-01-06 20:36:59','2020-01-06 20:36:59'),(892,'et','Eius aut necessitatibus similique doloribus reprehenderit aliquam. Aspernatur dicta id sunt explicabo minus et maxime esse.',8,'unavailable','test-1.PNG',27,'2020-01-06 20:36:59','2020-01-06 20:36:59'),(893,'quos','Quibusdam soluta in incidunt eum quo quisquam eligendi.',5,'available','test-3.PNG',67,'2020-01-06 20:36:59','2020-01-06 20:36:59'),(894,'vero','Dolorem et omnis modi facilis. Nam quo et non ea rerum.',7,'available','test-3.PNG',195,'2020-01-06 20:36:59','2020-01-06 20:36:59'),(895,'temporibus','Nostrum consequatur nulla quasi est nobis dolor et aut. Ea magnam inventore magni numquam sequi.',4,'unavailable','test-3.PNG',45,'2020-01-06 20:36:59','2020-01-06 20:36:59'),(896,'consequatur','Sed blanditiis voluptatum cupiditate itaque ut voluptate.',3,'available','test-2.PNG',82,'2020-01-06 20:36:59','2020-01-06 20:36:59'),(897,'laborum','Facilis voluptas aut ipsum repellat.',10,'unavailable','test-2.PNG',160,'2020-01-06 20:36:59','2020-01-06 20:36:59'),(898,'libero','Velit sit non voluptas dolor.',7,'available','test-1.PNG',15,'2020-01-06 20:36:59','2020-01-06 20:36:59'),(899,'ut','Quia est dolor reprehenderit animi quis ipsa doloremque.',3,'available','test-1.PNG',68,'2020-01-06 20:36:59','2020-01-06 20:36:59'),(900,'laboriosam','Sed magni ut impedit qui ab.',7,'available','test-1.PNG',164,'2020-01-06 20:36:59','2020-01-06 20:36:59'),(901,'enim','Qui velit dolore beatae omnis eaque. Et qui et nihil iste harum.',3,'available','test-3.PNG',176,'2020-01-06 20:36:59','2020-01-06 20:36:59'),(902,'a','Omnis dolorum animi sit provident atque voluptas. Libero velit ipsam eos ut quidem repellendus nam.',9,'unavailable','test-1.PNG',169,'2020-01-06 20:36:59','2020-01-06 20:36:59'),(903,'pariatur','Sit modi voluptas facilis repellat ad et qui. Dolores iure quas repellendus reiciendis eveniet assumenda nisi.',3,'available','test-3.PNG',49,'2020-01-06 20:36:59','2020-01-06 20:36:59'),(904,'tempore','Non quis dignissimos voluptas minus repudiandae dolorem.',8,'available','test-2.PNG',193,'2020-01-06 20:36:59','2020-01-06 20:36:59'),(905,'et','Quia deleniti et dolor omnis voluptatem doloremque odit. Vitae qui consequuntur eaque sit deleniti.',3,'available','test-1.PNG',142,'2020-01-06 20:36:59','2020-01-06 20:36:59'),(906,'rerum','Expedita quod enim ad enim qui. Eveniet sint vero aliquam autem ut consequatur.',9,'unavailable','test-2.PNG',140,'2020-01-06 20:36:59','2020-01-06 20:36:59'),(907,'veritatis','Et est quam qui nihil et voluptatem. Dignissimos fuga qui rem laudantium qui.',9,'available','test-1.PNG',41,'2020-01-06 20:36:59','2020-01-06 20:36:59'),(908,'ut','Dolorum qui aspernatur ea voluptatem modi eum voluptas voluptate.',9,'unavailable','test-1.PNG',66,'2020-01-06 20:36:59','2020-01-06 20:36:59'),(909,'qui','Earum sit nesciunt labore qui vel nam. Labore sed est eligendi autem sint.',4,'unavailable','test-1.PNG',128,'2020-01-06 20:36:59','2020-01-06 20:36:59'),(910,'harum','Perferendis et dolor et molestias explicabo. Quos asperiores asperiores aut.',1,'unavailable','test-1.PNG',12,'2020-01-06 20:36:59','2020-01-06 20:36:59'),(911,'sint','Nostrum quod culpa sapiente necessitatibus consequatur et consequatur et.',5,'unavailable','test-3.PNG',188,'2020-01-06 20:36:59','2020-01-06 20:36:59'),(912,'quam','In praesentium tempora iure quas et.',6,'available','test-1.PNG',82,'2020-01-06 20:36:59','2020-01-06 20:36:59'),(913,'id','Repudiandae tempora dolores quia doloribus eos doloribus.',10,'available','test-3.PNG',19,'2020-01-06 20:36:59','2020-01-06 20:36:59'),(914,'dolores','Sit eum veniam consequatur aut quia commodi et molestias. Mollitia esse illo modi laborum eligendi.',9,'unavailable','test-2.PNG',133,'2020-01-06 20:36:59','2020-01-06 20:36:59'),(915,'commodi','Explicabo vitae nobis voluptatem quia.',9,'available','test-3.PNG',144,'2020-01-06 20:36:59','2020-01-06 20:36:59'),(916,'corrupti','Architecto sequi laborum magnam quod hic nostrum. Praesentium accusamus corrupti nam et quis.',1,'unavailable','test-2.PNG',80,'2020-01-06 20:36:59','2020-01-06 20:36:59'),(917,'maxime','Et ut aut magni soluta fuga distinctio. Id est qui itaque vel molestiae culpa accusamus.',3,'unavailable','test-3.PNG',105,'2020-01-06 20:36:59','2020-01-06 20:36:59'),(918,'eos','Cumque eos maxime molestiae impedit. Consequatur dolore qui dolore veniam rerum.',10,'unavailable','test-3.PNG',89,'2020-01-06 20:36:59','2020-01-06 20:36:59'),(919,'blanditiis','Hic ipsa ea dolorem velit.',7,'available','test-3.PNG',61,'2020-01-06 20:36:59','2020-01-06 20:36:59'),(920,'nemo','Voluptatem aspernatur deleniti excepturi vel adipisci. Aut doloremque explicabo aut sequi voluptas et.',9,'unavailable','test-3.PNG',41,'2020-01-06 20:36:59','2020-01-06 20:36:59'),(921,'qui','Reprehenderit quis ipsa voluptatibus commodi.',9,'available','test-2.PNG',171,'2020-01-06 20:36:59','2020-01-06 20:36:59'),(922,'aut','Aperiam eos tenetur voluptatum voluptas.',9,'available','test-3.PNG',10,'2020-01-06 20:36:59','2020-01-06 20:36:59'),(923,'aperiam','Enim reprehenderit cumque autem eveniet vel.',9,'available','test-3.PNG',199,'2020-01-06 20:36:59','2020-01-06 20:36:59'),(924,'labore','Excepturi quos quam nemo est placeat.',8,'unavailable','test-2.PNG',36,'2020-01-06 20:36:59','2020-01-06 20:36:59'),(925,'eaque','Dolore accusantium voluptas incidunt quo consequatur. Omnis cum quo neque non labore et molestias.',10,'available','test-2.PNG',172,'2020-01-06 20:36:59','2020-01-06 20:36:59'),(926,'qui','Eius et recusandae et dicta id blanditiis dolore ipsa.',4,'unavailable','test-1.PNG',38,'2020-01-06 20:36:59','2020-01-06 20:36:59'),(927,'dolorum','Sit tempora sequi molestiae fugiat est ea et est.',8,'unavailable','test-1.PNG',15,'2020-01-06 20:36:59','2020-01-06 20:36:59'),(928,'autem','Atque porro non veniam aut.',6,'unavailable','test-1.PNG',117,'2020-01-06 20:36:59','2020-01-06 20:36:59'),(929,'aut','Quasi voluptatem exercitationem nihil omnis asperiores iste doloremque error. Quos quia voluptates corrupti non.',3,'available','test-1.PNG',1,'2020-01-06 20:36:59','2020-01-06 20:36:59'),(930,'veniam','Esse aut sunt doloremque perspiciatis ab corporis rerum doloribus.',2,'available','test-1.PNG',193,'2020-01-06 20:36:59','2020-01-06 20:36:59'),(931,'et','A modi in odio quam sed. Ut quia quidem veniam voluptate culpa hic eos.',3,'unavailable','test-3.PNG',74,'2020-01-06 20:36:59','2020-01-06 20:36:59'),(932,'rem','Est laboriosam consequatur consequatur magni sit. Asperiores eum unde et in.',3,'available','test-1.PNG',141,'2020-01-06 20:36:59','2020-01-06 20:36:59'),(933,'veniam','Id impedit debitis consequatur commodi. Quaerat at voluptates rerum expedita.',5,'available','test-2.PNG',80,'2020-01-06 20:37:00','2020-01-06 20:37:00'),(934,'quisquam','Est quisquam sed consequuntur nihil.',6,'available','test-2.PNG',184,'2020-01-06 20:37:00','2020-01-06 20:37:00'),(935,'enim','Dicta et ullam et repellat voluptatem fugit sint. Ducimus vitae et quia quo.',2,'unavailable','test-2.PNG',38,'2020-01-06 20:37:00','2020-01-06 20:37:00'),(936,'est','Suscipit porro voluptatibus corporis sed. Facilis enim aut possimus consequatur.',2,'available','test-3.PNG',147,'2020-01-06 20:37:00','2020-01-06 20:37:00'),(937,'quia','Sed ipsum qui sunt ut consequatur voluptates.',2,'unavailable','test-3.PNG',76,'2020-01-06 20:37:00','2020-01-06 20:37:00'),(938,'et','Libero voluptates velit dolor rerum aliquam.',1,'unavailable','test-1.PNG',98,'2020-01-06 20:37:00','2020-01-06 20:37:00'),(939,'itaque','Unde nulla illo accusantium consequatur consequatur.',4,'available','test-2.PNG',141,'2020-01-06 20:37:00','2020-01-06 20:37:00'),(940,'aut','Ut odit molestiae rerum nemo quasi repudiandae.',8,'available','test-2.PNG',63,'2020-01-06 20:37:00','2020-01-06 20:37:00'),(941,'ex','Est incidunt qui voluptas ipsum quis ipsa sunt dolor. Ullam voluptates aut maiores.',9,'unavailable','test-3.PNG',192,'2020-01-06 20:37:00','2020-01-06 20:37:00'),(942,'magni','Qui non temporibus est assumenda velit. Et corporis amet est impedit a possimus.',8,'unavailable','test-3.PNG',82,'2020-01-06 20:37:00','2020-01-06 20:37:00'),(943,'eos','Omnis nihil dolores neque ullam ut. Earum magnam rerum dignissimos consectetur aut ipsam.',7,'available','test-1.PNG',147,'2020-01-06 20:37:00','2020-01-06 20:37:00'),(944,'consequatur','Harum et dolor nam pariatur pariatur possimus.',2,'unavailable','test-2.PNG',12,'2020-01-06 20:37:00','2020-01-06 20:37:00'),(945,'earum','Temporibus debitis laboriosam quia ex suscipit.',4,'available','test-3.PNG',151,'2020-01-06 20:37:00','2020-01-06 20:37:00'),(946,'minus','Rem corporis in aut harum. Quidem qui consectetur repellendus deleniti beatae fuga quia.',2,'unavailable','test-2.PNG',120,'2020-01-06 20:37:00','2020-01-06 20:37:00'),(947,'laudantium','Facilis veritatis qui laudantium ab doloribus.',2,'available','test-3.PNG',129,'2020-01-06 20:37:00','2020-01-06 20:37:00'),(948,'cupiditate','Porro provident voluptatem error.',5,'available','test-1.PNG',150,'2020-01-06 20:37:00','2020-01-06 20:37:00'),(949,'consequatur','Nisi nisi similique eveniet enim ipsam maxime. Voluptas ipsam omnis maiores.',3,'available','test-1.PNG',124,'2020-01-06 20:37:00','2020-01-06 20:37:00'),(950,'ex','Perferendis saepe corporis quo necessitatibus. Exercitationem repudiandae sit asperiores et laboriosam aliquam consequatur.',3,'unavailable','test-1.PNG',29,'2020-01-06 20:37:00','2020-01-06 20:37:00'),(951,'consequatur','Sunt nostrum consequatur ipsam soluta ab.',8,'available','test-2.PNG',35,'2020-01-06 20:37:00','2020-01-06 20:37:00'),(952,'quidem','Est consequatur voluptatem nam dolores quasi voluptatem in.',5,'unavailable','test-1.PNG',110,'2020-01-06 20:37:00','2020-01-06 20:37:00'),(953,'nihil','Molestiae est sit error quibusdam non qui. Ut odit eligendi et totam.',2,'unavailable','test-2.PNG',188,'2020-01-06 20:37:00','2020-01-06 20:37:00'),(954,'adipisci','Ipsa quaerat nostrum eum exercitationem repellat natus iusto.',3,'unavailable','test-3.PNG',166,'2020-01-06 20:37:00','2020-01-06 20:37:00'),(955,'impedit','Dolorem ab ullam cupiditate rerum. Ut est quia eos illum.',4,'available','test-1.PNG',50,'2020-01-06 20:37:00','2020-01-06 20:37:00'),(956,'expedita','Et placeat id ullam facilis delectus qui voluptate voluptatem. Illum consequatur repellat blanditiis.',2,'available','test-3.PNG',20,'2020-01-06 20:37:00','2020-01-06 20:37:00'),(957,'ab','Vel ipsam ullam ut voluptas delectus vitae atque. Nesciunt id nulla magni dolor dolor.',5,'unavailable','test-3.PNG',18,'2020-01-06 20:37:00','2020-01-06 20:37:00'),(958,'sequi','Veritatis eum natus beatae quis dolore.',1,'available','test-2.PNG',131,'2020-01-06 20:37:00','2020-01-06 20:37:00'),(959,'qui','Aut eaque provident sequi voluptas.',2,'available','test-3.PNG',97,'2020-01-06 20:37:00','2020-01-06 20:37:00'),(960,'id','Placeat assumenda eius cum modi et dolorum sed.',8,'available','test-2.PNG',133,'2020-01-06 20:37:00','2020-01-06 20:37:00'),(961,'iusto','Architecto quis suscipit vero voluptatem odio illum. Vitae voluptatem consequuntur earum possimus officia.',9,'unavailable','test-2.PNG',186,'2020-01-06 20:37:00','2020-01-06 20:37:00'),(962,'tempora','Porro doloribus qui eum saepe laborum. A nemo eos repellendus quasi.',3,'unavailable','test-1.PNG',108,'2020-01-06 20:37:00','2020-01-06 20:37:00'),(963,'magnam','Temporibus ratione a omnis.',1,'available','test-2.PNG',64,'2020-01-06 20:37:00','2020-01-06 20:37:00'),(964,'voluptatem','Est ipsum deserunt et autem. Ab et et quod.',9,'available','test-1.PNG',66,'2020-01-06 20:37:00','2020-01-06 20:37:00'),(965,'voluptatem','Id suscipit et non veniam reprehenderit. Omnis odit dolores eius cumque impedit.',9,'unavailable','test-1.PNG',143,'2020-01-06 20:37:00','2020-01-06 20:37:00'),(966,'in','Nihil voluptatem qui qui consectetur veritatis. Perferendis ea sit nostrum consequatur sunt atque reprehenderit.',1,'available','test-1.PNG',89,'2020-01-06 20:37:00','2020-01-06 20:37:00'),(967,'ipsam','Ipsum deleniti explicabo ipsa numquam alias odit. Voluptatem praesentium reiciendis est sint esse pariatur.',6,'available','test-1.PNG',78,'2020-01-06 20:37:00','2020-01-06 20:37:00'),(968,'unde','Dolorum eos quam facere. Nihil repellendus voluptatem molestiae cum praesentium animi provident.',3,'unavailable','test-1.PNG',59,'2020-01-06 20:37:00','2020-01-06 20:37:00'),(969,'ratione','Ipsum id labore et officiis reiciendis aliquam ex sed.',2,'unavailable','test-1.PNG',110,'2020-01-06 20:37:00','2020-01-06 20:37:00'),(970,'nulla','Assumenda et eveniet debitis dolorum. Excepturi ut fugiat dignissimos nihil.',3,'available','test-2.PNG',165,'2020-01-06 20:37:00','2020-01-06 20:37:00'),(971,'vitae','Amet libero natus ut. Id eos doloremque culpa magnam commodi natus.',3,'available','test-2.PNG',59,'2020-01-06 20:37:00','2020-01-06 20:37:00'),(972,'recusandae','Impedit ut ut adipisci deserunt totam nostrum accusantium aspernatur. Recusandae ad vitae aut.',5,'available','test-3.PNG',59,'2020-01-06 20:37:00','2020-01-06 20:37:00'),(973,'delectus','Voluptates impedit sed vero accusamus adipisci iste.',8,'available','test-3.PNG',35,'2020-01-06 20:37:00','2020-01-06 20:37:00'),(974,'dolor','Consequatur neque sunt ut doloremque.',5,'unavailable','test-2.PNG',62,'2020-01-06 20:37:00','2020-01-06 20:37:00'),(975,'expedita','Vitae tenetur corrupti voluptatibus reprehenderit.',5,'unavailable','test-2.PNG',40,'2020-01-06 20:37:00','2020-01-06 20:37:00'),(976,'aut','Voluptas possimus id id. Fugiat quam non corporis.',3,'available','test-2.PNG',40,'2020-01-06 20:37:00','2020-01-06 20:37:00'),(977,'vel','Sed voluptatum officiis laudantium repudiandae saepe adipisci qui incidunt.',10,'available','test-3.PNG',39,'2020-01-06 20:37:00','2020-01-06 20:37:00'),(978,'omnis','Accusamus assumenda qui minus voluptatem possimus.',6,'unavailable','test-2.PNG',96,'2020-01-06 20:37:00','2020-01-06 20:37:00'),(979,'velit','Laboriosam totam animi provident commodi ea eius temporibus.',7,'available','test-1.PNG',129,'2020-01-06 20:37:00','2020-01-06 20:37:00'),(980,'vero','Nesciunt quibusdam non non accusantium ducimus. Culpa veritatis sit reiciendis eaque.',8,'unavailable','test-1.PNG',37,'2020-01-06 20:37:00','2020-01-06 20:37:00'),(981,'aspernatur','Occaecati vel porro consequatur est voluptatem.',2,'unavailable','test-1.PNG',139,'2020-01-06 20:37:00','2020-01-06 20:37:00'),(982,'facilis','Reprehenderit voluptates ut aut corrupti a enim autem. Voluptates nam odit molestiae id.',2,'unavailable','test-1.PNG',5,'2020-01-06 20:37:00','2020-01-06 20:37:00'),(983,'itaque','Officiis laudantium officia voluptatum eaque repudiandae dolores. Sit accusamus mollitia ducimus sit pariatur perspiciatis a.',7,'available','test-3.PNG',54,'2020-01-06 20:37:00','2020-01-06 20:37:00'),(984,'reprehenderit','Rerum consectetur hic error vel omnis.',4,'unavailable','test-2.PNG',82,'2020-01-06 20:37:00','2020-01-06 20:37:00'),(985,'veniam','Corrupti ducimus vel eum ea autem corrupti inventore.',2,'unavailable','test-2.PNG',165,'2020-01-06 20:37:00','2020-01-06 20:37:00'),(986,'qui','Repudiandae quaerat rerum earum autem qui.',7,'unavailable','test-3.PNG',121,'2020-01-06 20:37:00','2020-01-06 20:37:00'),(987,'maxime','Sed incidunt quia delectus et sunt sit velit. Officiis perspiciatis ad doloribus et quo.',8,'unavailable','test-1.PNG',119,'2020-01-06 20:37:00','2020-01-06 20:37:00'),(988,'necessitatibus','Excepturi itaque enim nesciunt ut voluptate. Laborum quia sit quia eos.',10,'unavailable','test-2.PNG',104,'2020-01-06 20:37:00','2020-01-06 20:37:00'),(989,'iure','Maxime qui iure dolorem. Quia cum optio ex temporibus sit dolorem consequatur.',2,'unavailable','test-1.PNG',21,'2020-01-06 20:37:00','2020-01-06 20:37:00'),(990,'eaque','Corrupti velit earum quibusdam occaecati qui dignissimos.',6,'available','test-2.PNG',88,'2020-01-06 20:37:00','2020-01-06 20:37:00'),(991,'quae','Quia rem eos voluptas quis quo. Ut perspiciatis aut ut.',6,'available','test-2.PNG',93,'2020-01-06 20:37:00','2020-01-06 20:37:00'),(992,'quo','Quos provident aut saepe facere voluptas consequuntur omnis.',1,'unavailable','test-2.PNG',106,'2020-01-06 20:37:00','2020-01-06 20:37:00'),(993,'possimus','Facere et nam similique soluta debitis aut. Quod maiores voluptates mollitia.',5,'available','test-2.PNG',192,'2020-01-06 20:37:00','2020-01-06 20:37:00'),(994,'qui','Quo voluptas excepturi nam fuga voluptate accusantium ut. Autem aut ut et quae quod.',7,'unavailable','test-1.PNG',3,'2020-01-06 20:37:00','2020-01-06 20:37:00'),(995,'eius','Ut nemo sunt neque voluptatem. Et quas ab aut et.',10,'available','test-1.PNG',124,'2020-01-06 20:37:00','2020-01-06 20:37:00'),(996,'ut','Dolor odio quas rerum eius fugiat.',2,'available','test-3.PNG',42,'2020-01-06 20:37:00','2020-01-06 20:37:00'),(997,'sint','Voluptate est id similique qui. Tenetur sit molestiae exercitationem quidem corrupti.',2,'unavailable','test-3.PNG',134,'2020-01-06 20:37:00','2020-01-06 20:37:00'),(998,'eius','Repellat eum quis velit et corrupti quo. Delectus repudiandae voluptates ut consectetur nam consequatur.',3,'available','test-1.PNG',76,'2020-01-06 20:37:00','2020-01-06 20:37:00'),(999,'qui','Dolores inventore enim eum sit tenetur totam recusandae.',5,'unavailable','test-1.PNG',181,'2020-01-06 20:37:00','2020-01-06 20:37:00'),(1000,'voluptatem','Non nemo repudiandae enim rerum. Dolorum consectetur sit consequuntur ut accusantium.',5,'unavailable','test-1.PNG',38,'2020-01-06 20:37:00','2020-01-06 20:37:00');
/*!40000 ALTER TABLE `products` ENABLE KEYS */;
UNLOCK TABLES;

--
-- Table structure for table `tramsactions`
--

DROP TABLE IF EXISTS `tramsactions`;
/*!40101 SET @saved_cs_client     = @@character_set_client */;
/*!40101 SET character_set_client = utf8 */;
CREATE TABLE `tramsactions` (
  `id` bigint(20) unsigned NOT NULL AUTO_INCREMENT,
  `quantity` int(10) unsigned NOT NULL,
  `buyer_id` bigint(20) unsigned NOT NULL,
  `product_id` bigint(20) unsigned NOT NULL,
  `created_at` timestamp NULL DEFAULT NULL,
  `updated_at` timestamp NULL DEFAULT NULL,
  PRIMARY KEY (`id`),
  KEY `tramsactions_buyer_id_foreign` (`buyer_id`),
  KEY `tramsactions_product_id_foreign` (`product_id`),
  CONSTRAINT `tramsactions_buyer_id_foreign` FOREIGN KEY (`buyer_id`) REFERENCES `users` (`id`) ON DELETE CASCADE,
  CONSTRAINT `tramsactions_product_id_foreign` FOREIGN KEY (`product_id`) REFERENCES `products` (`id`) ON DELETE CASCADE
) ENGINE=InnoDB AUTO_INCREMENT=1001 DEFAULT CHARSET=utf8mb4 COLLATE=utf8mb4_unicode_ci;
/*!40101 SET character_set_client = @saved_cs_client */;

--
-- Dumping data for table `tramsactions`
--

LOCK TABLES `tramsactions` WRITE;
/*!40000 ALTER TABLE `tramsactions` DISABLE KEYS */;
INSERT INTO `tramsactions` VALUES (1,1,13,136,'2020-01-06 20:37:20','2020-01-06 20:37:20'),(2,1,9,663,'2020-01-06 20:37:20','2020-01-06 20:37:20'),(3,1,96,351,'2020-01-06 20:37:20','2020-01-06 20:37:20'),(4,3,51,185,'2020-01-06 20:37:20','2020-01-06 20:37:20'),(5,3,37,890,'2020-01-06 20:37:20','2020-01-06 20:37:20'),(7,1,56,640,'2020-01-06 20:37:20','2020-01-06 20:37:20'),(8,3,64,779,'2020-01-06 20:37:20','2020-01-06 20:37:20'),(9,3,46,462,'2020-01-06 20:37:20','2020-01-06 20:37:20'),(10,1,32,131,'2020-01-06 20:37:20','2020-01-06 20:37:20'),(11,3,50,527,'2020-01-06 20:37:20','2020-01-06 20:37:20'),(12,3,101,735,'2020-01-06 20:37:20','2020-01-06 20:37:20'),(13,2,32,969,'2020-01-06 20:37:20','2020-01-06 20:37:20'),(14,3,171,428,'2020-01-06 20:37:20','2020-01-06 20:37:20'),(15,3,110,541,'2020-01-06 20:37:20','2020-01-06 20:37:20'),(16,3,80,322,'2020-01-06 20:37:20','2020-01-06 20:37:20'),(17,1,103,483,'2020-01-06 20:37:20','2020-01-06 20:37:20'),(18,2,188,904,'2020-01-06 20:37:20','2020-01-06 20:37:20'),(19,2,93,85,'2020-01-06 20:37:20','2020-01-06 20:37:20'),(20,2,54,859,'2020-01-06 20:37:20','2020-01-06 20:37:20'),(21,1,14,751,'2020-01-06 20:37:21','2020-01-06 20:37:21'),(22,2,14,491,'2020-01-06 20:37:21','2020-01-06 20:37:21'),(23,3,65,817,'2020-01-06 20:37:21','2020-01-06 20:37:21'),(24,1,79,390,'2020-01-06 20:37:21','2020-01-06 20:37:21'),(25,2,96,359,'2020-01-06 20:37:21','2020-01-06 20:37:21'),(26,3,148,245,'2020-01-06 20:37:21','2020-01-06 20:37:21'),(27,2,121,620,'2020-01-06 20:37:21','2020-01-06 20:37:21'),(28,2,147,628,'2020-01-06 20:37:21','2020-01-06 20:37:21'),(29,3,25,647,'2020-01-06 20:37:21','2020-01-06 20:37:21'),(30,2,71,261,'2020-01-06 20:37:21','2020-01-06 20:37:21'),(31,3,190,842,'2020-01-06 20:37:21','2020-01-06 20:37:21'),(32,1,42,146,'2020-01-06 20:37:21','2020-01-06 20:37:21'),(33,3,144,796,'2020-01-06 20:37:21','2020-01-06 20:37:21'),(34,1,22,899,'2020-01-06 20:37:21','2020-01-06 20:37:21'),(35,3,88,485,'2020-01-06 20:37:21','2020-01-06 20:37:21'),(36,3,112,879,'2020-01-06 20:37:21','2020-01-06 20:37:21'),(37,1,87,73,'2020-01-06 20:37:21','2020-01-06 20:37:21'),(38,3,109,663,'2020-01-06 20:37:21','2020-01-06 20:37:21'),(39,3,122,943,'2020-01-06 20:37:21','2020-01-06 20:37:21'),(40,2,188,7,'2020-01-06 20:37:21','2020-01-06 20:37:21'),(41,1,125,585,'2020-01-06 20:37:21','2020-01-06 20:37:21'),(42,1,21,251,'2020-01-06 20:37:21','2020-01-06 20:37:21'),(43,1,5,980,'2020-01-06 20:37:21','2020-01-06 20:37:21'),(44,2,20,861,'2020-01-06 20:37:21','2020-01-06 20:37:21'),(45,2,144,625,'2020-01-06 20:37:21','2020-01-06 20:37:21'),(46,1,106,209,'2020-01-06 20:37:21','2020-01-06 20:37:21'),(47,1,25,451,'2020-01-06 20:37:21','2020-01-06 20:37:21'),(48,2,155,996,'2020-01-06 20:37:21','2020-01-06 20:37:21'),(49,1,6,956,'2020-01-06 20:37:21','2020-01-06 20:37:21'),(50,3,69,729,'2020-01-06 20:37:21','2020-01-06 20:37:21'),(51,2,62,669,'2020-01-06 20:37:21','2020-01-06 20:37:21'),(52,3,26,529,'2020-01-06 20:37:21','2020-01-06 20:37:21'),(53,1,137,567,'2020-01-06 20:37:21','2020-01-06 20:37:21'),(54,2,152,725,'2020-01-06 20:37:21','2020-01-06 20:37:21'),(55,3,149,678,'2020-01-06 20:37:21','2020-01-06 20:37:21'),(56,2,180,634,'2020-01-06 20:37:21','2020-01-06 20:37:21'),(57,1,162,666,'2020-01-06 20:37:21','2020-01-06 20:37:21'),(59,1,98,615,'2020-01-06 20:37:21','2020-01-06 20:37:21'),(60,1,83,479,'2020-01-06 20:37:21','2020-01-06 20:37:21'),(61,1,66,620,'2020-01-06 20:37:21','2020-01-06 20:37:21'),(62,3,87,819,'2020-01-06 20:37:21','2020-01-06 20:37:21'),(63,1,50,24,'2020-01-06 20:37:21','2020-01-06 20:37:21'),(65,2,65,91,'2020-01-06 20:37:21','2020-01-06 20:37:21'),(66,1,81,958,'2020-01-06 20:37:21','2020-01-06 20:37:21'),(67,3,1,627,'2020-01-06 20:37:21','2020-01-06 20:37:21'),(68,2,164,13,'2020-01-06 20:37:21','2020-01-06 20:37:21'),(69,1,60,595,'2020-01-06 20:37:21','2020-01-06 20:37:21'),(70,3,166,391,'2020-01-06 20:37:21','2020-01-06 20:37:21'),(71,2,127,359,'2020-01-06 20:37:21','2020-01-06 20:37:21'),(72,3,167,461,'2020-01-06 20:37:21','2020-01-06 20:37:21'),(73,2,42,868,'2020-01-06 20:37:21','2020-01-06 20:37:21'),(74,3,144,367,'2020-01-06 20:37:21','2020-01-06 20:37:21'),(75,1,184,52,'2020-01-06 20:37:21','2020-01-06 20:37:21'),(76,2,53,713,'2020-01-06 20:37:21','2020-01-06 20:37:21'),(77,1,125,405,'2020-01-06 20:37:21','2020-01-06 20:37:21'),(78,2,42,359,'2020-01-06 20:37:21','2020-01-06 20:37:21'),(79,2,91,973,'2020-01-06 20:37:21','2020-01-06 20:37:21'),(80,2,175,911,'2020-01-06 20:37:21','2020-01-06 20:37:21'),(81,3,8,800,'2020-01-06 20:37:21','2020-01-06 20:37:21'),(82,1,11,114,'2020-01-06 20:37:21','2020-01-06 20:37:21'),(83,2,164,570,'2020-01-06 20:37:21','2020-01-06 20:37:21'),(84,3,74,872,'2020-01-06 20:37:21','2020-01-06 20:37:21'),(85,3,61,257,'2020-01-06 20:37:21','2020-01-06 20:37:21'),(86,1,96,93,'2020-01-06 20:37:21','2020-01-06 20:37:21'),(87,2,146,485,'2020-01-06 20:37:21','2020-01-06 20:37:21'),(88,1,198,57,'2020-01-06 20:37:21','2020-01-06 20:37:21'),(89,1,117,411,'2020-01-06 20:37:21','2020-01-06 20:37:21'),(90,1,28,999,'2020-01-06 20:37:21','2020-01-06 20:37:21'),(91,2,99,577,'2020-01-06 20:37:21','2020-01-06 20:37:21'),(92,3,93,6,'2020-01-06 20:37:21','2020-01-06 20:37:21'),(93,3,117,305,'2020-01-06 20:37:21','2020-01-06 20:37:21'),(94,1,170,513,'2020-01-06 20:37:21','2020-01-06 20:37:21'),(95,2,113,194,'2020-01-06 20:37:21','2020-01-06 20:37:21'),(96,3,171,242,'2020-01-06 20:37:21','2020-01-06 20:37:21'),(97,2,38,320,'2020-01-06 20:37:21','2020-01-06 20:37:21'),(98,1,43,219,'2020-01-06 20:37:21','2020-01-06 20:37:21'),(99,3,55,334,'2020-01-06 20:37:21','2020-01-06 20:37:21'),(100,3,16,656,'2020-01-06 20:37:21','2020-01-06 20:37:21'),(101,1,71,357,'2020-01-06 20:37:21','2020-01-06 20:37:21'),(102,1,161,701,'2020-01-06 20:37:21','2020-01-06 20:37:21'),(103,3,69,517,'2020-01-06 20:37:21','2020-01-06 20:37:21'),(104,2,50,40,'2020-01-06 20:37:21','2020-01-06 20:37:21'),(105,1,191,104,'2020-01-06 20:37:21','2020-01-06 20:37:21'),(106,2,30,735,'2020-01-06 20:37:21','2020-01-06 20:37:21'),(107,1,86,168,'2020-01-06 20:37:21','2020-01-06 20:37:21'),(108,2,187,660,'2020-01-06 20:37:21','2020-01-06 20:37:21'),(109,3,80,980,'2020-01-06 20:37:21','2020-01-06 20:37:21'),(110,2,153,75,'2020-01-06 20:37:21','2020-01-06 20:37:21'),(111,2,188,626,'2020-01-06 20:37:21','2020-01-06 20:37:21'),(112,2,49,678,'2020-01-06 20:37:21','2020-01-06 20:37:21'),(113,2,114,310,'2020-01-06 20:37:21','2020-01-06 20:37:21'),(114,1,103,170,'2020-01-06 20:37:21','2020-01-06 20:37:21'),(115,1,154,655,'2020-01-06 20:37:21','2020-01-06 20:37:21'),(116,2,178,480,'2020-01-06 20:37:21','2020-01-06 20:37:21'),(117,3,27,168,'2020-01-06 20:37:21','2020-01-06 20:37:21'),(118,2,180,977,'2020-01-06 20:37:21','2020-01-06 20:37:21'),(119,2,181,363,'2020-01-06 20:37:21','2020-01-06 20:37:21'),(120,2,159,188,'2020-01-06 20:37:21','2020-01-06 20:37:21'),(121,2,153,819,'2020-01-06 20:37:21','2020-01-06 20:37:21'),(122,1,107,701,'2020-01-06 20:37:21','2020-01-06 20:37:21'),(123,2,156,188,'2020-01-06 20:37:21','2020-01-06 20:37:21'),(124,2,191,478,'2020-01-06 20:37:21','2020-01-06 20:37:21'),(125,2,127,374,'2020-01-06 20:37:21','2020-01-06 20:37:21'),(126,2,88,752,'2020-01-06 20:37:21','2020-01-06 20:37:21'),(127,3,117,23,'2020-01-06 20:37:21','2020-01-06 20:37:21'),(128,3,149,469,'2020-01-06 20:37:21','2020-01-06 20:37:21'),(129,2,188,224,'2020-01-06 20:37:21','2020-01-06 20:37:21'),(130,2,37,646,'2020-01-06 20:37:21','2020-01-06 20:37:21'),(131,1,16,458,'2020-01-06 20:37:21','2020-01-06 20:37:21'),(132,1,159,772,'2020-01-06 20:37:21','2020-01-06 20:37:21'),(133,2,51,21,'2020-01-06 20:37:21','2020-01-06 20:37:21'),(134,1,62,908,'2020-01-06 20:37:21','2020-01-06 20:37:21'),(135,1,107,579,'2020-01-06 20:37:21','2020-01-06 20:37:21'),(136,1,121,585,'2020-01-06 20:37:21','2020-01-06 20:37:21'),(137,2,139,147,'2020-01-06 20:37:21','2020-01-06 20:37:21'),(138,1,59,750,'2020-01-06 20:37:21','2020-01-06 20:37:21'),(139,2,145,429,'2020-01-06 20:37:21','2020-01-06 20:37:21'),(140,3,171,87,'2020-01-06 20:37:21','2020-01-06 20:37:21'),(141,1,66,119,'2020-01-06 20:37:21','2020-01-06 20:37:21'),(142,2,118,441,'2020-01-06 20:37:21','2020-01-06 20:37:21'),(143,2,10,412,'2020-01-06 20:37:21','2020-01-06 20:37:21'),(144,1,43,264,'2020-01-06 20:37:21','2020-01-06 20:37:21'),(145,2,141,303,'2020-01-06 20:37:21','2020-01-06 20:37:21'),(146,2,65,347,'2020-01-06 20:37:21','2020-01-06 20:37:21'),(147,2,105,756,'2020-01-06 20:37:21','2020-01-06 20:37:21'),(148,3,119,235,'2020-01-06 20:37:21','2020-01-06 20:37:21'),(149,1,156,983,'2020-01-06 20:37:21','2020-01-06 20:37:21'),(150,3,197,807,'2020-01-06 20:37:21','2020-01-06 20:37:21'),(151,2,26,94,'2020-01-06 20:37:21','2020-01-06 20:37:21'),(152,1,35,487,'2020-01-06 20:37:22','2020-01-06 20:37:22'),(153,1,178,71,'2020-01-06 20:37:22','2020-01-06 20:37:22'),(154,3,26,193,'2020-01-06 20:37:22','2020-01-06 20:37:22'),(155,3,49,651,'2020-01-06 20:37:22','2020-01-06 20:37:22'),(156,2,78,823,'2020-01-06 20:37:22','2020-01-06 20:37:22'),(157,3,119,131,'2020-01-06 20:37:22','2020-01-06 20:37:22'),(158,2,13,280,'2020-01-06 20:37:22','2020-01-06 20:37:22'),(159,2,64,99,'2020-01-06 20:37:22','2020-01-06 20:37:22'),(160,2,177,586,'2020-01-06 20:37:22','2020-01-06 20:37:22'),(161,1,43,186,'2020-01-06 20:37:22','2020-01-06 20:37:22'),(162,1,149,978,'2020-01-06 20:37:22','2020-01-06 20:37:22'),(163,2,194,957,'2020-01-06 20:37:22','2020-01-06 20:37:22'),(164,1,170,962,'2020-01-06 20:37:22','2020-01-06 20:37:22'),(165,1,101,7,'2020-01-06 20:37:22','2020-01-06 20:37:22'),(166,2,131,882,'2020-01-06 20:37:22','2020-01-06 20:37:22'),(167,1,142,840,'2020-01-06 20:37:22','2020-01-06 20:37:22'),(168,3,106,971,'2020-01-06 20:37:22','2020-01-06 20:37:22'),(169,1,125,115,'2020-01-06 20:37:22','2020-01-06 20:37:22'),(170,2,158,817,'2020-01-06 20:37:22','2020-01-06 20:37:22'),(171,2,21,43,'2020-01-06 20:37:22','2020-01-06 20:37:22'),(172,3,148,171,'2020-01-06 20:37:22','2020-01-06 20:37:22'),(173,3,27,166,'2020-01-06 20:37:22','2020-01-06 20:37:22'),(174,3,110,636,'2020-01-06 20:37:22','2020-01-06 20:37:22'),(175,1,13,662,'2020-01-06 20:37:22','2020-01-06 20:37:22'),(176,3,83,777,'2020-01-06 20:37:22','2020-01-06 20:37:22'),(177,1,187,412,'2020-01-06 20:37:22','2020-01-06 20:37:22'),(178,1,29,498,'2020-01-06 20:37:22','2020-01-06 20:37:22'),(179,3,47,921,'2020-01-06 20:37:22','2020-01-06 20:37:22'),(180,2,172,738,'2020-01-06 20:37:22','2020-01-06 20:37:22'),(181,1,158,792,'2020-01-06 20:37:22','2020-01-06 20:37:22'),(182,2,110,302,'2020-01-06 20:37:22','2020-01-06 20:37:22'),(183,3,155,541,'2020-01-06 20:37:22','2020-01-06 20:37:22'),(184,2,195,471,'2020-01-06 20:37:22','2020-01-06 20:37:22'),(185,1,91,787,'2020-01-06 20:37:22','2020-01-06 20:37:22'),(186,1,185,42,'2020-01-06 20:37:22','2020-01-06 20:37:22'),(187,3,149,972,'2020-01-06 20:37:22','2020-01-06 20:37:22'),(188,2,96,343,'2020-01-06 20:37:22','2020-01-06 20:37:22'),(189,3,32,393,'2020-01-06 20:37:22','2020-01-06 20:37:22'),(190,2,18,37,'2020-01-06 20:37:22','2020-01-06 20:37:22'),(191,2,69,578,'2020-01-06 20:37:22','2020-01-06 20:37:22'),(192,2,10,481,'2020-01-06 20:37:22','2020-01-06 20:37:22'),(193,1,121,774,'2020-01-06 20:37:22','2020-01-06 20:37:22'),(194,2,90,669,'2020-01-06 20:37:22','2020-01-06 20:37:22'),(195,3,75,194,'2020-01-06 20:37:22','2020-01-06 20:37:22'),(196,2,199,819,'2020-01-06 20:37:22','2020-01-06 20:37:22'),(197,2,185,579,'2020-01-06 20:37:22','2020-01-06 20:37:22'),(198,1,8,756,'2020-01-06 20:37:22','2020-01-06 20:37:22'),(199,2,3,887,'2020-01-06 20:37:22','2020-01-06 20:37:22'),(200,3,127,721,'2020-01-06 20:37:22','2020-01-06 20:37:22'),(201,2,65,97,'2020-01-06 20:37:22','2020-01-06 20:37:22'),(202,2,148,889,'2020-01-06 20:37:22','2020-01-06 20:37:22'),(203,3,136,762,'2020-01-06 20:37:22','2020-01-06 20:37:22'),(204,2,16,872,'2020-01-06 20:37:22','2020-01-06 20:37:22'),(205,2,119,31,'2020-01-06 20:37:22','2020-01-06 20:37:22'),(206,2,178,140,'2020-01-06 20:37:22','2020-01-06 20:37:22'),(207,2,90,568,'2020-01-06 20:37:22','2020-01-06 20:37:22'),(208,3,19,694,'2020-01-06 20:37:22','2020-01-06 20:37:22'),(209,2,41,781,'2020-01-06 20:37:22','2020-01-06 20:37:22'),(210,3,179,356,'2020-01-06 20:37:22','2020-01-06 20:37:22'),(211,1,172,957,'2020-01-06 20:37:22','2020-01-06 20:37:22'),(212,2,117,281,'2020-01-06 20:37:22','2020-01-06 20:37:22'),(213,3,140,221,'2020-01-06 20:37:22','2020-01-06 20:37:22'),(214,1,139,894,'2020-01-06 20:37:22','2020-01-06 20:37:22'),(215,2,70,686,'2020-01-06 20:37:22','2020-01-06 20:37:22'),(216,3,100,251,'2020-01-06 20:37:22','2020-01-06 20:37:22'),(217,2,18,28,'2020-01-06 20:37:22','2020-01-06 20:37:22'),(218,3,22,372,'2020-01-06 20:37:22','2020-01-06 20:37:22'),(219,3,147,582,'2020-01-06 20:37:22','2020-01-06 20:37:22'),(220,2,26,508,'2020-01-06 20:37:22','2020-01-06 20:37:22'),(221,1,175,934,'2020-01-06 20:37:22','2020-01-06 20:37:22'),(222,3,122,463,'2020-01-06 20:37:22','2020-01-06 20:37:22'),(223,3,34,847,'2020-01-06 20:37:22','2020-01-06 20:37:22'),(224,3,22,997,'2020-01-06 20:37:22','2020-01-06 20:37:22'),(225,1,152,92,'2020-01-06 20:37:22','2020-01-06 20:37:22'),(226,1,128,917,'2020-01-06 20:37:22','2020-01-06 20:37:22'),(227,3,186,748,'2020-01-06 20:37:22','2020-01-06 20:37:22'),(228,3,115,552,'2020-01-06 20:37:22','2020-01-06 20:37:22'),(229,2,45,639,'2020-01-06 20:37:22','2020-01-06 20:37:22'),(230,1,14,578,'2020-01-06 20:37:22','2020-01-06 20:37:22'),(231,1,6,965,'2020-01-06 20:37:22','2020-01-06 20:37:22'),(233,3,45,3,'2020-01-06 20:37:22','2020-01-06 20:37:22'),(234,3,167,816,'2020-01-06 20:37:22','2020-01-06 20:37:22'),(235,2,117,990,'2020-01-06 20:37:22','2020-01-06 20:37:22'),(236,1,71,749,'2020-01-06 20:37:22','2020-01-06 20:37:22'),(237,1,151,477,'2020-01-06 20:37:22','2020-01-06 20:37:22'),(238,2,176,821,'2020-01-06 20:37:22','2020-01-06 20:37:22'),(239,2,164,747,'2020-01-06 20:37:22','2020-01-06 20:37:22'),(240,2,55,617,'2020-01-06 20:37:22','2020-01-06 20:37:22'),(241,1,142,843,'2020-01-06 20:37:22','2020-01-06 20:37:22'),(242,1,67,222,'2020-01-06 20:37:22','2020-01-06 20:37:22'),(243,3,56,630,'2020-01-06 20:37:22','2020-01-06 20:37:22'),(244,3,2,967,'2020-01-06 20:37:22','2020-01-06 20:37:22'),(245,1,154,844,'2020-01-06 20:37:22','2020-01-06 20:37:22'),(246,3,50,854,'2020-01-06 20:37:22','2020-01-06 20:37:22'),(247,3,131,73,'2020-01-06 20:37:22','2020-01-06 20:37:22'),(248,2,99,713,'2020-01-06 20:37:22','2020-01-06 20:37:22'),(249,3,194,400,'2020-01-06 20:37:22','2020-01-06 20:37:22'),(250,1,160,186,'2020-01-06 20:37:22','2020-01-06 20:37:22'),(251,3,91,212,'2020-01-06 20:37:22','2020-01-06 20:37:22'),(252,1,61,788,'2020-01-06 20:37:22','2020-01-06 20:37:22'),(253,1,106,390,'2020-01-06 20:37:22','2020-01-06 20:37:22'),(254,3,134,793,'2020-01-06 20:37:22','2020-01-06 20:37:22'),(255,1,180,23,'2020-01-06 20:37:22','2020-01-06 20:37:22'),(256,3,114,420,'2020-01-06 20:37:22','2020-01-06 20:37:22'),(257,3,129,149,'2020-01-06 20:37:22','2020-01-06 20:37:22'),(258,3,46,782,'2020-01-06 20:37:22','2020-01-06 20:37:22'),(259,3,77,323,'2020-01-06 20:37:22','2020-01-06 20:37:22'),(260,2,189,431,'2020-01-06 20:37:22','2020-01-06 20:37:22'),(261,2,92,71,'2020-01-06 20:37:22','2020-01-06 20:37:22'),(262,1,188,818,'2020-01-06 20:37:22','2020-01-06 20:37:22'),(263,2,195,606,'2020-01-06 20:37:22','2020-01-06 20:37:22'),(264,2,134,52,'2020-01-06 20:37:22','2020-01-06 20:37:22'),(265,3,51,796,'2020-01-06 20:37:22','2020-01-06 20:37:22'),(266,2,150,676,'2020-01-06 20:37:22','2020-01-06 20:37:22'),(267,3,90,480,'2020-01-06 20:37:22','2020-01-06 20:37:22'),(268,2,195,45,'2020-01-06 20:37:22','2020-01-06 20:37:22'),(269,1,48,957,'2020-01-06 20:37:22','2020-01-06 20:37:22'),(270,3,114,435,'2020-01-06 20:37:22','2020-01-06 20:37:22'),(271,3,94,636,'2020-01-06 20:37:22','2020-01-06 20:37:22'),(272,3,95,129,'2020-01-06 20:37:22','2020-01-06 20:37:22'),(273,2,12,477,'2020-01-06 20:37:23','2020-01-06 20:37:23'),(274,3,155,535,'2020-01-06 20:37:23','2020-01-06 20:37:23'),(275,3,43,550,'2020-01-06 20:37:23','2020-01-06 20:37:23'),(276,3,132,789,'2020-01-06 20:37:23','2020-01-06 20:37:23'),(277,1,183,507,'2020-01-06 20:37:23','2020-01-06 20:37:23'),(278,1,192,333,'2020-01-06 20:37:23','2020-01-06 20:37:23'),(279,3,113,186,'2020-01-06 20:37:23','2020-01-06 20:37:23'),(280,1,33,20,'2020-01-06 20:37:23','2020-01-06 20:37:23'),(281,3,129,906,'2020-01-06 20:37:23','2020-01-06 20:37:23'),(282,3,154,595,'2020-01-06 20:37:23','2020-01-06 20:37:23'),(283,2,43,681,'2020-01-06 20:37:23','2020-01-06 20:37:23'),(284,2,1,403,'2020-01-06 20:37:23','2020-01-06 20:37:23'),(285,3,167,469,'2020-01-06 20:37:23','2020-01-06 20:37:23'),(286,1,140,762,'2020-01-06 20:37:23','2020-01-06 20:37:23'),(287,1,137,398,'2020-01-06 20:37:23','2020-01-06 20:37:23'),(288,2,36,495,'2020-01-06 20:37:23','2020-01-06 20:37:23'),(289,3,152,552,'2020-01-06 20:37:23','2020-01-06 20:37:23'),(290,2,175,929,'2020-01-06 20:37:23','2020-01-06 20:37:23'),(291,3,106,524,'2020-01-06 20:37:23','2020-01-06 20:37:23'),(292,2,98,636,'2020-01-06 20:37:23','2020-01-06 20:37:23'),(293,3,92,671,'2020-01-06 20:37:23','2020-01-06 20:37:23'),(294,2,35,366,'2020-01-06 20:37:23','2020-01-06 20:37:23'),(295,2,134,467,'2020-01-06 20:37:23','2020-01-06 20:37:23'),(296,2,46,384,'2020-01-06 20:37:23','2020-01-06 20:37:23'),(297,3,173,421,'2020-01-06 20:37:23','2020-01-06 20:37:23'),(298,2,163,11,'2020-01-06 20:37:23','2020-01-06 20:37:23'),(299,3,84,977,'2020-01-06 20:37:23','2020-01-06 20:37:23'),(300,2,73,189,'2020-01-06 20:37:23','2020-01-06 20:37:23'),(301,2,123,892,'2020-01-06 20:37:23','2020-01-06 20:37:23'),(302,3,118,560,'2020-01-06 20:37:23','2020-01-06 20:37:23'),(303,1,120,281,'2020-01-06 20:37:23','2020-01-06 20:37:23'),(304,1,135,662,'2020-01-06 20:37:23','2020-01-06 20:37:23'),(305,2,62,147,'2020-01-06 20:37:23','2020-01-06 20:37:23'),(306,1,153,656,'2020-01-06 20:37:23','2020-01-06 20:37:23'),(307,1,181,363,'2020-01-06 20:37:23','2020-01-06 20:37:23'),(308,1,16,894,'2020-01-06 20:37:23','2020-01-06 20:37:23'),(309,1,23,813,'2020-01-06 20:37:23','2020-01-06 20:37:23'),(310,3,152,578,'2020-01-06 20:37:23','2020-01-06 20:37:23'),(311,2,14,728,'2020-01-06 20:37:23','2020-01-06 20:37:23'),(312,3,159,756,'2020-01-06 20:37:23','2020-01-06 20:37:23'),(313,1,31,2,'2020-01-06 20:37:23','2020-01-06 20:37:23'),(314,2,131,422,'2020-01-06 20:37:23','2020-01-06 20:37:23'),(315,1,132,39,'2020-01-06 20:37:23','2020-01-06 20:37:23'),(316,2,158,882,'2020-01-06 20:37:23','2020-01-06 20:37:23'),(317,2,48,679,'2020-01-06 20:37:23','2020-01-06 20:37:23'),(318,2,72,383,'2020-01-06 20:37:23','2020-01-06 20:37:23'),(320,3,42,454,'2020-01-06 20:37:23','2020-01-06 20:37:23'),(321,3,63,541,'2020-01-06 20:37:23','2020-01-06 20:37:23'),(323,1,90,604,'2020-01-06 20:37:23','2020-01-06 20:37:23'),(324,3,197,494,'2020-01-06 20:37:23','2020-01-06 20:37:23'),(325,1,8,575,'2020-01-06 20:37:23','2020-01-06 20:37:23'),(327,2,91,936,'2020-01-06 20:37:23','2020-01-06 20:37:23'),(328,2,95,168,'2020-01-06 20:37:23','2020-01-06 20:37:23'),(329,1,67,896,'2020-01-06 20:37:23','2020-01-06 20:37:23'),(330,1,85,434,'2020-01-06 20:37:23','2020-01-06 20:37:23'),(331,2,123,65,'2020-01-06 20:37:23','2020-01-06 20:37:23'),(332,3,140,358,'2020-01-06 20:37:23','2020-01-06 20:37:23'),(333,1,127,976,'2020-01-06 20:37:23','2020-01-06 20:37:23'),(334,3,163,561,'2020-01-06 20:37:23','2020-01-06 20:37:23'),(335,2,149,443,'2020-01-06 20:37:23','2020-01-06 20:37:23'),(336,1,69,83,'2020-01-06 20:37:23','2020-01-06 20:37:23'),(337,2,9,643,'2020-01-06 20:37:23','2020-01-06 20:37:23'),(338,1,3,401,'2020-01-06 20:37:23','2020-01-06 20:37:23'),(339,2,153,632,'2020-01-06 20:37:23','2020-01-06 20:37:23'),(340,1,68,881,'2020-01-06 20:37:23','2020-01-06 20:37:23'),(341,1,143,988,'2020-01-06 20:37:23','2020-01-06 20:37:23'),(342,2,121,365,'2020-01-06 20:37:23','2020-01-06 20:37:23'),(343,3,102,838,'2020-01-06 20:37:23','2020-01-06 20:37:23'),(344,1,123,639,'2020-01-06 20:37:23','2020-01-06 20:37:23'),(345,3,87,621,'2020-01-06 20:37:23','2020-01-06 20:37:23'),(347,2,194,780,'2020-01-06 20:37:23','2020-01-06 20:37:23'),(348,3,192,509,'2020-01-06 20:37:23','2020-01-06 20:37:23'),(349,2,121,759,'2020-01-06 20:37:23','2020-01-06 20:37:23'),(350,1,163,389,'2020-01-06 20:37:23','2020-01-06 20:37:23'),(351,3,187,8,'2020-01-06 20:37:23','2020-01-06 20:37:23'),(352,2,36,204,'2020-01-06 20:37:23','2020-01-06 20:37:23'),(353,1,107,314,'2020-01-06 20:37:23','2020-01-06 20:37:23'),(354,1,49,160,'2020-01-06 20:37:23','2020-01-06 20:37:23'),(355,1,72,429,'2020-01-06 20:37:23','2020-01-06 20:37:23'),(356,2,162,997,'2020-01-06 20:37:23','2020-01-06 20:37:23'),(357,3,59,97,'2020-01-06 20:37:23','2020-01-06 20:37:23'),(358,1,173,395,'2020-01-06 20:37:23','2020-01-06 20:37:23'),(359,2,139,374,'2020-01-06 20:37:23','2020-01-06 20:37:23'),(360,2,12,112,'2020-01-06 20:37:23','2020-01-06 20:37:23'),(361,1,192,323,'2020-01-06 20:37:23','2020-01-06 20:37:23'),(362,1,173,586,'2020-01-06 20:37:23','2020-01-06 20:37:23'),(363,1,57,237,'2020-01-06 20:37:23','2020-01-06 20:37:23'),(364,1,59,949,'2020-01-06 20:37:23','2020-01-06 20:37:23'),(365,2,78,834,'2020-01-06 20:37:23','2020-01-06 20:37:23'),(366,1,111,142,'2020-01-06 20:37:23','2020-01-06 20:37:23'),(367,2,195,412,'2020-01-06 20:37:23','2020-01-06 20:37:23'),(368,1,49,441,'2020-01-06 20:37:23','2020-01-06 20:37:23'),(369,3,102,960,'2020-01-06 20:37:23','2020-01-06 20:37:23'),(370,1,24,164,'2020-01-06 20:37:23','2020-01-06 20:37:23'),(371,1,74,272,'2020-01-06 20:37:23','2020-01-06 20:37:23'),(372,3,69,512,'2020-01-06 20:37:23','2020-01-06 20:37:23'),(373,3,169,111,'2020-01-06 20:37:23','2020-01-06 20:37:23'),(374,2,118,216,'2020-01-06 20:37:23','2020-01-06 20:37:23'),(375,3,59,96,'2020-01-06 20:37:23','2020-01-06 20:37:23'),(376,1,28,706,'2020-01-06 20:37:23','2020-01-06 20:37:23'),(377,2,42,389,'2020-01-06 20:37:23','2020-01-06 20:37:23'),(378,2,86,129,'2020-01-06 20:37:23','2020-01-06 20:37:23'),(379,2,21,706,'2020-01-06 20:37:23','2020-01-06 20:37:23'),(380,3,72,457,'2020-01-06 20:37:23','2020-01-06 20:37:23'),(381,1,172,737,'2020-01-06 20:37:23','2020-01-06 20:37:23'),(382,2,197,423,'2020-01-06 20:37:23','2020-01-06 20:37:23'),(383,1,25,438,'2020-01-06 20:37:23','2020-01-06 20:37:23'),(384,3,125,119,'2020-01-06 20:37:23','2020-01-06 20:37:23'),(385,1,157,659,'2020-01-06 20:37:23','2020-01-06 20:37:23'),(386,3,97,724,'2020-01-06 20:37:23','2020-01-06 20:37:23'),(387,1,31,231,'2020-01-06 20:37:23','2020-01-06 20:37:23'),(388,2,180,259,'2020-01-06 20:37:23','2020-01-06 20:37:23'),(389,1,115,329,'2020-01-06 20:37:23','2020-01-06 20:37:23'),(390,3,164,492,'2020-01-06 20:37:23','2020-01-06 20:37:23'),(391,2,152,226,'2020-01-06 20:37:23','2020-01-06 20:37:23'),(392,3,31,876,'2020-01-06 20:37:23','2020-01-06 20:37:23'),(393,1,78,986,'2020-01-06 20:37:23','2020-01-06 20:37:23'),(394,2,107,28,'2020-01-06 20:37:23','2020-01-06 20:37:23'),(395,3,32,621,'2020-01-06 20:37:23','2020-01-06 20:37:23'),(396,3,117,562,'2020-01-06 20:37:23','2020-01-06 20:37:23'),(397,1,60,691,'2020-01-06 20:37:23','2020-01-06 20:37:23'),(398,3,48,821,'2020-01-06 20:37:23','2020-01-06 20:37:23'),(399,1,148,677,'2020-01-06 20:37:23','2020-01-06 20:37:23'),(400,3,10,913,'2020-01-06 20:37:23','2020-01-06 20:37:23'),(401,3,110,756,'2020-01-06 20:37:23','2020-01-06 20:37:23'),(402,2,41,486,'2020-01-06 20:37:23','2020-01-06 20:37:23'),(403,1,186,623,'2020-01-06 20:37:23','2020-01-06 20:37:23'),(404,2,105,639,'2020-01-06 20:37:23','2020-01-06 20:37:23'),(405,2,64,766,'2020-01-06 20:37:24','2020-01-06 20:37:24'),(406,1,73,439,'2020-01-06 20:37:24','2020-01-06 20:37:24'),(407,3,43,488,'2020-01-06 20:37:24','2020-01-06 20:37:24'),(408,3,179,954,'2020-01-06 20:37:24','2020-01-06 20:37:24'),(409,3,194,533,'2020-01-06 20:37:24','2020-01-06 20:37:24'),(410,3,125,602,'2020-01-06 20:37:24','2020-01-06 20:37:24'),(411,3,123,314,'2020-01-06 20:37:24','2020-01-06 20:37:24'),(412,1,143,924,'2020-01-06 20:37:24','2020-01-06 20:37:24'),(413,2,68,242,'2020-01-06 20:37:24','2020-01-06 20:37:24'),(414,3,90,432,'2020-01-06 20:37:24','2020-01-06 20:37:24'),(415,3,162,491,'2020-01-06 20:37:24','2020-01-06 20:37:24'),(416,3,15,397,'2020-01-06 20:37:24','2020-01-06 20:37:24'),(417,3,171,117,'2020-01-06 20:37:24','2020-01-06 20:37:24'),(418,2,80,869,'2020-01-06 20:37:24','2020-01-06 20:37:24'),(419,2,23,88,'2020-01-06 20:37:24','2020-01-06 20:37:24'),(420,1,155,837,'2020-01-06 20:37:24','2020-01-06 20:37:24'),(421,3,186,250,'2020-01-06 20:37:24','2020-01-06 20:37:24'),(422,1,131,389,'2020-01-06 20:37:24','2020-01-06 20:37:24'),(423,2,131,434,'2020-01-06 20:37:24','2020-01-06 20:37:24'),(424,1,11,63,'2020-01-06 20:37:24','2020-01-06 20:37:24'),(425,2,63,701,'2020-01-06 20:37:24','2020-01-06 20:37:24'),(426,3,168,507,'2020-01-06 20:37:24','2020-01-06 20:37:24'),(427,1,57,731,'2020-01-06 20:37:24','2020-01-06 20:37:24'),(428,2,145,383,'2020-01-06 20:37:24','2020-01-06 20:37:24'),(429,3,54,679,'2020-01-06 20:37:24','2020-01-06 20:37:24'),(430,3,171,450,'2020-01-06 20:37:24','2020-01-06 20:37:24'),(431,2,21,12,'2020-01-06 20:37:24','2020-01-06 20:37:24'),(432,2,143,518,'2020-01-06 20:37:24','2020-01-06 20:37:24'),(433,1,13,913,'2020-01-06 20:37:24','2020-01-06 20:37:24'),(434,3,13,632,'2020-01-06 20:37:24','2020-01-06 20:37:24'),(435,1,77,495,'2020-01-06 20:37:24','2020-01-06 20:37:24'),(436,2,84,293,'2020-01-06 20:37:24','2020-01-06 20:37:24'),(437,1,25,606,'2020-01-06 20:37:24','2020-01-06 20:37:24'),(438,3,90,121,'2020-01-06 20:37:24','2020-01-06 20:37:24'),(439,1,58,87,'2020-01-06 20:37:24','2020-01-06 20:37:24'),(440,3,141,18,'2020-01-06 20:37:24','2020-01-06 20:37:24'),(441,1,178,817,'2020-01-06 20:37:24','2020-01-06 20:37:24'),(442,3,123,6,'2020-01-06 20:37:24','2020-01-06 20:37:24'),(443,3,155,819,'2020-01-06 20:37:24','2020-01-06 20:37:24'),(444,2,62,859,'2020-01-06 20:37:24','2020-01-06 20:37:24'),(445,1,82,7,'2020-01-06 20:37:24','2020-01-06 20:37:24'),(446,2,150,916,'2020-01-06 20:37:24','2020-01-06 20:37:24'),(447,1,104,390,'2020-01-06 20:37:24','2020-01-06 20:37:24'),(448,1,174,188,'2020-01-06 20:37:24','2020-01-06 20:37:24'),(449,1,25,53,'2020-01-06 20:37:24','2020-01-06 20:37:24'),(450,2,26,215,'2020-01-06 20:37:24','2020-01-06 20:37:24'),(451,1,45,563,'2020-01-06 20:37:24','2020-01-06 20:37:24'),(452,3,27,399,'2020-01-06 20:37:24','2020-01-06 20:37:24'),(453,1,45,774,'2020-01-06 20:37:24','2020-01-06 20:37:24'),(454,1,54,442,'2020-01-06 20:37:24','2020-01-06 20:37:24'),(455,3,35,858,'2020-01-06 20:37:24','2020-01-06 20:37:24'),(456,1,11,460,'2020-01-06 20:37:24','2020-01-06 20:37:24'),(457,3,89,933,'2020-01-06 20:37:24','2020-01-06 20:37:24'),(458,3,187,511,'2020-01-06 20:37:24','2020-01-06 20:37:24'),(459,2,172,110,'2020-01-06 20:37:24','2020-01-06 20:37:24'),(460,3,175,207,'2020-01-06 20:37:24','2020-01-06 20:37:24'),(461,3,90,938,'2020-01-06 20:37:24','2020-01-06 20:37:24'),(462,1,199,470,'2020-01-06 20:37:24','2020-01-06 20:37:24'),(463,3,48,776,'2020-01-06 20:37:24','2020-01-06 20:37:24'),(464,2,54,797,'2020-01-06 20:37:24','2020-01-06 20:37:24'),(465,2,171,152,'2020-01-06 20:37:24','2020-01-06 20:37:24'),(466,1,68,94,'2020-01-06 20:37:24','2020-01-06 20:37:24'),(467,3,159,928,'2020-01-06 20:37:24','2020-01-06 20:37:24'),(468,3,151,212,'2020-01-06 20:37:24','2020-01-06 20:37:24'),(469,2,122,346,'2020-01-06 20:37:24','2020-01-06 20:37:24'),(470,2,135,212,'2020-01-06 20:37:24','2020-01-06 20:37:24'),(471,2,105,523,'2020-01-06 20:37:24','2020-01-06 20:37:24'),(472,2,128,626,'2020-01-06 20:37:24','2020-01-06 20:37:24'),(473,2,42,936,'2020-01-06 20:37:24','2020-01-06 20:37:24'),(474,3,156,475,'2020-01-06 20:37:24','2020-01-06 20:37:24'),(475,3,70,727,'2020-01-06 20:37:24','2020-01-06 20:37:24'),(476,2,12,24,'2020-01-06 20:37:24','2020-01-06 20:37:24'),(477,1,135,382,'2020-01-06 20:37:24','2020-01-06 20:37:24'),(478,1,4,706,'2020-01-06 20:37:24','2020-01-06 20:37:24'),(479,2,123,330,'2020-01-06 20:37:24','2020-01-06 20:37:24'),(480,3,80,925,'2020-01-06 20:37:24','2020-01-06 20:37:24'),(481,3,153,394,'2020-01-06 20:37:24','2020-01-06 20:37:24'),(482,3,94,285,'2020-01-06 20:37:24','2020-01-06 20:37:24'),(483,3,1,150,'2020-01-06 20:37:24','2020-01-06 20:37:24'),(484,2,184,442,'2020-01-06 20:37:24','2020-01-06 20:37:24'),(485,1,125,902,'2020-01-06 20:37:24','2020-01-06 20:37:24'),(486,3,135,686,'2020-01-06 20:37:24','2020-01-06 20:37:24'),(487,3,115,889,'2020-01-06 20:37:24','2020-01-06 20:37:24'),(488,1,190,493,'2020-01-06 20:37:24','2020-01-06 20:37:24'),(489,2,168,747,'2020-01-06 20:37:24','2020-01-06 20:37:24'),(490,3,121,159,'2020-01-06 20:37:24','2020-01-06 20:37:24'),(491,2,73,150,'2020-01-06 20:37:24','2020-01-06 20:37:24'),(492,1,105,509,'2020-01-06 20:37:24','2020-01-06 20:37:24'),(493,1,3,535,'2020-01-06 20:37:24','2020-01-06 20:37:24'),(494,3,27,479,'2020-01-06 20:37:24','2020-01-06 20:37:24'),(495,3,161,4,'2020-01-06 20:37:24','2020-01-06 20:37:24'),(496,3,30,620,'2020-01-06 20:37:24','2020-01-06 20:37:24'),(497,2,132,389,'2020-01-06 20:37:24','2020-01-06 20:37:24'),(498,1,105,465,'2020-01-06 20:37:24','2020-01-06 20:37:24'),(499,3,183,64,'2020-01-06 20:37:24','2020-01-06 20:37:24'),(500,3,143,267,'2020-01-06 20:37:24','2020-01-06 20:37:24'),(501,2,90,882,'2020-01-06 20:37:24','2020-01-06 20:37:24'),(502,1,45,248,'2020-01-06 20:37:24','2020-01-06 20:37:24'),(503,2,17,138,'2020-01-06 20:37:24','2020-01-06 20:37:24'),(504,1,15,988,'2020-01-06 20:37:24','2020-01-06 20:37:24'),(505,3,160,747,'2020-01-06 20:37:24','2020-01-06 20:37:24'),(506,3,16,690,'2020-01-06 20:37:24','2020-01-06 20:37:24'),(507,3,36,140,'2020-01-06 20:37:24','2020-01-06 20:37:24'),(508,2,146,510,'2020-01-06 20:37:24','2020-01-06 20:37:24'),(509,2,165,587,'2020-01-06 20:37:24','2020-01-06 20:37:24'),(510,2,184,487,'2020-01-06 20:37:24','2020-01-06 20:37:24'),(511,1,7,919,'2020-01-06 20:37:24','2020-01-06 20:37:24'),(512,2,73,292,'2020-01-06 20:37:24','2020-01-06 20:37:24'),(513,1,17,649,'2020-01-06 20:37:24','2020-01-06 20:37:24'),(514,1,18,460,'2020-01-06 20:37:24','2020-01-06 20:37:24'),(515,1,170,92,'2020-01-06 20:37:24','2020-01-06 20:37:24'),(516,1,40,408,'2020-01-06 20:37:24','2020-01-06 20:37:24'),(517,2,101,607,'2020-01-06 20:37:24','2020-01-06 20:37:24'),(518,3,50,255,'2020-01-06 20:37:24','2020-01-06 20:37:24'),(519,2,182,503,'2020-01-06 20:37:24','2020-01-06 20:37:24'),(520,3,181,953,'2020-01-06 20:37:24','2020-01-06 20:37:24'),(521,1,70,864,'2020-01-06 20:37:24','2020-01-06 20:37:24'),(522,2,110,619,'2020-01-06 20:37:24','2020-01-06 20:37:24'),(523,3,98,725,'2020-01-06 20:37:24','2020-01-06 20:37:24'),(524,2,173,51,'2020-01-06 20:37:24','2020-01-06 20:37:24'),(525,3,15,756,'2020-01-06 20:37:24','2020-01-06 20:37:24'),(526,2,199,376,'2020-01-06 20:37:24','2020-01-06 20:37:24'),(527,3,81,756,'2020-01-06 20:37:24','2020-01-06 20:37:24'),(528,2,123,609,'2020-01-06 20:37:24','2020-01-06 20:37:24'),(529,1,7,966,'2020-01-06 20:37:24','2020-01-06 20:37:24'),(530,2,88,500,'2020-01-06 20:37:24','2020-01-06 20:37:24'),(531,2,64,40,'2020-01-06 20:37:24','2020-01-06 20:37:24'),(532,3,4,934,'2020-01-06 20:37:24','2020-01-06 20:37:24'),(533,2,173,561,'2020-01-06 20:37:25','2020-01-06 20:37:25'),(534,3,53,491,'2020-01-06 20:37:25','2020-01-06 20:37:25'),(535,3,107,28,'2020-01-06 20:37:25','2020-01-06 20:37:25'),(536,1,86,508,'2020-01-06 20:37:25','2020-01-06 20:37:25'),(537,3,77,422,'2020-01-06 20:37:25','2020-01-06 20:37:25'),(538,2,95,906,'2020-01-06 20:37:25','2020-01-06 20:37:25'),(539,3,69,142,'2020-01-06 20:37:25','2020-01-06 20:37:25'),(540,2,77,630,'2020-01-06 20:37:25','2020-01-06 20:37:25'),(541,1,37,407,'2020-01-06 20:37:25','2020-01-06 20:37:25'),(543,2,93,800,'2020-01-06 20:37:25','2020-01-06 20:37:25'),(544,2,174,57,'2020-01-06 20:37:25','2020-01-06 20:37:25'),(545,2,149,434,'2020-01-06 20:37:25','2020-01-06 20:37:25'),(546,1,53,194,'2020-01-06 20:37:25','2020-01-06 20:37:25'),(547,2,67,818,'2020-01-06 20:37:25','2020-01-06 20:37:25'),(548,2,32,907,'2020-01-06 20:37:25','2020-01-06 20:37:25'),(549,3,151,804,'2020-01-06 20:37:25','2020-01-06 20:37:25'),(550,2,89,149,'2020-01-06 20:37:25','2020-01-06 20:37:25'),(551,3,120,216,'2020-01-06 20:37:25','2020-01-06 20:37:25'),(552,2,180,561,'2020-01-06 20:37:25','2020-01-06 20:37:25'),(553,2,76,349,'2020-01-06 20:37:25','2020-01-06 20:37:25'),(554,2,19,652,'2020-01-06 20:37:25','2020-01-06 20:37:25'),(555,3,36,275,'2020-01-06 20:37:25','2020-01-06 20:37:25'),(556,3,134,110,'2020-01-06 20:37:25','2020-01-06 20:37:25'),(557,1,139,745,'2020-01-06 20:37:25','2020-01-06 20:37:25'),(558,3,162,316,'2020-01-06 20:37:25','2020-01-06 20:37:25'),(559,3,187,579,'2020-01-06 20:37:25','2020-01-06 20:37:25'),(560,1,80,385,'2020-01-06 20:37:25','2020-01-06 20:37:25'),(561,3,124,502,'2020-01-06 20:37:25','2020-01-06 20:37:25'),(562,1,26,344,'2020-01-06 20:37:25','2020-01-06 20:37:25'),(563,2,186,988,'2020-01-06 20:37:25','2020-01-06 20:37:25'),(564,2,199,470,'2020-01-06 20:37:25','2020-01-06 20:37:25'),(566,3,83,64,'2020-01-06 20:37:25','2020-01-06 20:37:25'),(567,3,25,382,'2020-01-06 20:37:25','2020-01-06 20:37:25'),(568,1,71,499,'2020-01-06 20:37:25','2020-01-06 20:37:25'),(569,3,174,209,'2020-01-06 20:37:25','2020-01-06 20:37:25'),(570,2,82,593,'2020-01-06 20:37:25','2020-01-06 20:37:25'),(571,1,20,684,'2020-01-06 20:37:25','2020-01-06 20:37:25'),(572,2,177,106,'2020-01-06 20:37:25','2020-01-06 20:37:25'),(573,1,25,512,'2020-01-06 20:37:25','2020-01-06 20:37:25'),(574,3,178,757,'2020-01-06 20:37:25','2020-01-06 20:37:25'),(575,3,137,996,'2020-01-06 20:37:25','2020-01-06 20:37:25'),(576,1,140,316,'2020-01-06 20:37:25','2020-01-06 20:37:25'),(577,2,96,52,'2020-01-06 20:37:25','2020-01-06 20:37:25'),(578,3,5,472,'2020-01-06 20:37:25','2020-01-06 20:37:25'),(579,2,22,770,'2020-01-06 20:37:25','2020-01-06 20:37:25'),(580,1,189,468,'2020-01-06 20:37:25','2020-01-06 20:37:25'),(581,2,50,697,'2020-01-06 20:37:25','2020-01-06 20:37:25'),(582,2,26,118,'2020-01-06 20:37:25','2020-01-06 20:37:25'),(583,2,71,470,'2020-01-06 20:37:25','2020-01-06 20:37:25'),(584,2,63,430,'2020-01-06 20:37:25','2020-01-06 20:37:25'),(585,1,46,904,'2020-01-06 20:37:25','2020-01-06 20:37:25'),(586,1,21,142,'2020-01-06 20:37:25','2020-01-06 20:37:25'),(587,1,179,505,'2020-01-06 20:37:25','2020-01-06 20:37:25'),(588,3,152,882,'2020-01-06 20:37:25','2020-01-06 20:37:25'),(589,3,182,90,'2020-01-06 20:37:25','2020-01-06 20:37:25'),(590,3,4,965,'2020-01-06 20:37:25','2020-01-06 20:37:25'),(591,1,187,541,'2020-01-06 20:37:25','2020-01-06 20:37:25'),(592,2,51,591,'2020-01-06 20:37:25','2020-01-06 20:37:25'),(593,1,20,988,'2020-01-06 20:37:25','2020-01-06 20:37:25'),(594,3,58,900,'2020-01-06 20:37:25','2020-01-06 20:37:25'),(595,1,138,830,'2020-01-06 20:37:25','2020-01-06 20:37:25'),(596,1,171,587,'2020-01-06 20:37:25','2020-01-06 20:37:25'),(597,3,125,407,'2020-01-06 20:37:25','2020-01-06 20:37:25'),(598,1,56,414,'2020-01-06 20:37:25','2020-01-06 20:37:25'),(599,3,173,480,'2020-01-06 20:37:25','2020-01-06 20:37:25'),(600,1,130,130,'2020-01-06 20:37:25','2020-01-06 20:37:25'),(601,3,91,222,'2020-01-06 20:37:25','2020-01-06 20:37:25'),(602,2,96,37,'2020-01-06 20:37:25','2020-01-06 20:37:25'),(603,2,80,475,'2020-01-06 20:37:25','2020-01-06 20:37:25'),(604,1,173,868,'2020-01-06 20:37:25','2020-01-06 20:37:25'),(605,2,17,520,'2020-01-06 20:37:25','2020-01-06 20:37:25'),(606,3,168,411,'2020-01-06 20:37:25','2020-01-06 20:37:25'),(607,3,85,841,'2020-01-06 20:37:25','2020-01-06 20:37:25'),(608,2,51,574,'2020-01-06 20:37:25','2020-01-06 20:37:25'),(609,2,175,147,'2020-01-06 20:37:25','2020-01-06 20:37:25'),(610,1,8,287,'2020-01-06 20:37:25','2020-01-06 20:37:25'),(611,3,71,307,'2020-01-06 20:37:25','2020-01-06 20:37:25'),(612,2,118,937,'2020-01-06 20:37:25','2020-01-06 20:37:25'),(613,1,90,65,'2020-01-06 20:37:25','2020-01-06 20:37:25'),(614,3,88,162,'2020-01-06 20:37:25','2020-01-06 20:37:25'),(615,1,37,905,'2020-01-06 20:37:25','2020-01-06 20:37:25'),(616,1,21,411,'2020-01-06 20:37:25','2020-01-06 20:37:25'),(617,3,60,703,'2020-01-06 20:37:25','2020-01-06 20:37:25'),(618,3,83,737,'2020-01-06 20:37:25','2020-01-06 20:37:25'),(619,2,90,497,'2020-01-06 20:37:25','2020-01-06 20:37:25'),(620,1,32,49,'2020-01-06 20:37:25','2020-01-06 20:37:25'),(621,3,11,474,'2020-01-06 20:37:25','2020-01-06 20:37:25'),(622,2,31,725,'2020-01-06 20:37:25','2020-01-06 20:37:25'),(623,1,167,925,'2020-01-06 20:37:25','2020-01-06 20:37:25'),(624,1,71,265,'2020-01-06 20:37:25','2020-01-06 20:37:25'),(625,3,69,155,'2020-01-06 20:37:25','2020-01-06 20:37:25'),(626,2,141,469,'2020-01-06 20:37:25','2020-01-06 20:37:25'),(627,1,155,543,'2020-01-06 20:37:25','2020-01-06 20:37:25'),(628,2,33,188,'2020-01-06 20:37:25','2020-01-06 20:37:25'),(629,2,177,236,'2020-01-06 20:37:25','2020-01-06 20:37:25'),(630,3,179,467,'2020-01-06 20:37:25','2020-01-06 20:37:25'),(631,1,142,115,'2020-01-06 20:37:25','2020-01-06 20:37:25'),(632,2,170,423,'2020-01-06 20:37:25','2020-01-06 20:37:25'),(633,1,94,671,'2020-01-06 20:37:25','2020-01-06 20:37:25'),(634,2,119,643,'2020-01-06 20:37:25','2020-01-06 20:37:25'),(635,2,6,998,'2020-01-06 20:37:25','2020-01-06 20:37:25'),(636,1,49,334,'2020-01-06 20:37:25','2020-01-06 20:37:25'),(637,3,28,264,'2020-01-06 20:37:25','2020-01-06 20:37:25'),(638,3,115,629,'2020-01-06 20:37:25','2020-01-06 20:37:25'),(639,2,33,419,'2020-01-06 20:37:25','2020-01-06 20:37:25'),(640,1,2,807,'2020-01-06 20:37:25','2020-01-06 20:37:25'),(641,3,61,415,'2020-01-06 20:37:25','2020-01-06 20:37:25'),(642,3,182,669,'2020-01-06 20:37:25','2020-01-06 20:37:25'),(643,3,175,124,'2020-01-06 20:37:25','2020-01-06 20:37:25'),(644,2,112,327,'2020-01-06 20:37:25','2020-01-06 20:37:25'),(645,2,188,949,'2020-01-06 20:37:25','2020-01-06 20:37:25'),(646,2,18,72,'2020-01-06 20:37:25','2020-01-06 20:37:25'),(647,2,98,135,'2020-01-06 20:37:25','2020-01-06 20:37:25'),(648,2,163,704,'2020-01-06 20:37:25','2020-01-06 20:37:25'),(649,3,185,988,'2020-01-06 20:37:25','2020-01-06 20:37:25'),(650,2,145,363,'2020-01-06 20:37:25','2020-01-06 20:37:25'),(651,3,27,32,'2020-01-06 20:37:25','2020-01-06 20:37:25'),(652,1,6,575,'2020-01-06 20:37:25','2020-01-06 20:37:25'),(653,1,117,26,'2020-01-06 20:37:25','2020-01-06 20:37:25'),(654,2,56,825,'2020-01-06 20:37:25','2020-01-06 20:37:25'),(655,2,17,985,'2020-01-06 20:37:25','2020-01-06 20:37:25'),(656,1,3,383,'2020-01-06 20:37:25','2020-01-06 20:37:25'),(657,3,165,446,'2020-01-06 20:37:25','2020-01-06 20:37:25'),(658,2,128,367,'2020-01-06 20:37:25','2020-01-06 20:37:25'),(659,1,158,182,'2020-01-06 20:37:25','2020-01-06 20:37:25'),(660,2,56,878,'2020-01-06 20:37:25','2020-01-06 20:37:25'),(661,1,62,477,'2020-01-06 20:37:25','2020-01-06 20:37:25'),(662,1,167,256,'2020-01-06 20:37:25','2020-01-06 20:37:25'),(663,3,182,487,'2020-01-06 20:37:25','2020-01-06 20:37:25'),(664,2,38,376,'2020-01-06 20:37:25','2020-01-06 20:37:25'),(665,3,185,382,'2020-01-06 20:37:25','2020-01-06 20:37:25'),(666,3,149,275,'2020-01-06 20:37:25','2020-01-06 20:37:25'),(667,1,192,434,'2020-01-06 20:37:26','2020-01-06 20:37:26'),(668,1,144,312,'2020-01-06 20:37:26','2020-01-06 20:37:26'),(669,2,169,964,'2020-01-06 20:37:26','2020-01-06 20:37:26'),(670,3,94,89,'2020-01-06 20:37:26','2020-01-06 20:37:26'),(671,3,27,755,'2020-01-06 20:37:26','2020-01-06 20:37:26'),(672,3,47,897,'2020-01-06 20:37:26','2020-01-06 20:37:26'),(673,3,123,368,'2020-01-06 20:37:26','2020-01-06 20:37:26'),(674,2,48,368,'2020-01-06 20:37:26','2020-01-06 20:37:26'),(675,1,155,412,'2020-01-06 20:37:26','2020-01-06 20:37:26'),(676,3,79,515,'2020-01-06 20:37:26','2020-01-06 20:37:26'),(677,1,76,64,'2020-01-06 20:37:26','2020-01-06 20:37:26'),(678,3,13,533,'2020-01-06 20:37:26','2020-01-06 20:37:26'),(679,3,34,705,'2020-01-06 20:37:26','2020-01-06 20:37:26'),(680,3,90,271,'2020-01-06 20:37:26','2020-01-06 20:37:26'),(681,2,133,362,'2020-01-06 20:37:26','2020-01-06 20:37:26'),(682,1,162,370,'2020-01-06 20:37:26','2020-01-06 20:37:26'),(683,3,24,899,'2020-01-06 20:37:26','2020-01-06 20:37:26'),(685,3,149,534,'2020-01-06 20:37:26','2020-01-06 20:37:26'),(686,2,176,548,'2020-01-06 20:37:26','2020-01-06 20:37:26'),(687,3,63,447,'2020-01-06 20:37:26','2020-01-06 20:37:26'),(688,1,128,573,'2020-01-06 20:37:26','2020-01-06 20:37:26'),(689,2,91,40,'2020-01-06 20:37:26','2020-01-06 20:37:26'),(690,1,104,966,'2020-01-06 20:37:26','2020-01-06 20:37:26'),(691,3,190,879,'2020-01-06 20:37:26','2020-01-06 20:37:26'),(692,1,82,772,'2020-01-06 20:37:26','2020-01-06 20:37:26'),(693,2,198,556,'2020-01-06 20:37:26','2020-01-06 20:37:26'),(694,2,191,242,'2020-01-06 20:37:26','2020-01-06 20:37:26'),(695,2,120,927,'2020-01-06 20:37:26','2020-01-06 20:37:26'),(696,2,48,575,'2020-01-06 20:37:26','2020-01-06 20:37:26'),(697,2,135,59,'2020-01-06 20:37:26','2020-01-06 20:37:26'),(698,2,110,811,'2020-01-06 20:37:26','2020-01-06 20:37:26'),(699,2,4,774,'2020-01-06 20:37:26','2020-01-06 20:37:26'),(700,3,45,691,'2020-01-06 20:37:26','2020-01-06 20:37:26'),(701,3,40,793,'2020-01-06 20:37:26','2020-01-06 20:37:26'),(702,2,169,756,'2020-01-06 20:37:26','2020-01-06 20:37:26'),(703,1,119,938,'2020-01-06 20:37:26','2020-01-06 20:37:26'),(704,1,168,286,'2020-01-06 20:37:26','2020-01-06 20:37:26'),(705,3,65,63,'2020-01-06 20:37:26','2020-01-06 20:37:26'),(706,2,105,7,'2020-01-06 20:37:26','2020-01-06 20:37:26'),(707,2,196,407,'2020-01-06 20:37:26','2020-01-06 20:37:26'),(708,3,32,111,'2020-01-06 20:37:26','2020-01-06 20:37:26'),(709,1,99,958,'2020-01-06 20:37:26','2020-01-06 20:37:26'),(710,1,1,530,'2020-01-06 20:37:26','2020-01-06 20:37:26'),(711,2,77,368,'2020-01-06 20:37:26','2020-01-06 20:37:26'),(712,2,126,466,'2020-01-06 20:37:26','2020-01-06 20:37:26'),(713,3,123,156,'2020-01-06 20:37:26','2020-01-06 20:37:26'),(714,1,171,606,'2020-01-06 20:37:26','2020-01-06 20:37:26'),(715,3,79,686,'2020-01-06 20:37:26','2020-01-06 20:37:26'),(716,1,144,741,'2020-01-06 20:37:26','2020-01-06 20:37:26'),(717,2,168,379,'2020-01-06 20:37:26','2020-01-06 20:37:26'),(718,3,80,839,'2020-01-06 20:37:26','2020-01-06 20:37:26'),(719,2,132,621,'2020-01-06 20:37:26','2020-01-06 20:37:26'),(720,1,33,152,'2020-01-06 20:37:26','2020-01-06 20:37:26'),(721,2,105,562,'2020-01-06 20:37:26','2020-01-06 20:37:26'),(722,2,25,212,'2020-01-06 20:37:26','2020-01-06 20:37:26'),(723,2,173,873,'2020-01-06 20:37:26','2020-01-06 20:37:26'),(724,3,190,818,'2020-01-06 20:37:26','2020-01-06 20:37:26'),(725,2,104,470,'2020-01-06 20:37:26','2020-01-06 20:37:26'),(726,1,51,116,'2020-01-06 20:37:26','2020-01-06 20:37:26'),(727,1,59,729,'2020-01-06 20:37:26','2020-01-06 20:37:26'),(728,1,105,143,'2020-01-06 20:37:26','2020-01-06 20:37:26'),(729,1,11,669,'2020-01-06 20:37:26','2020-01-06 20:37:26'),(730,1,134,867,'2020-01-06 20:37:26','2020-01-06 20:37:26'),(731,2,61,21,'2020-01-06 20:37:26','2020-01-06 20:37:26'),(732,2,52,121,'2020-01-06 20:37:26','2020-01-06 20:37:26'),(733,2,11,51,'2020-01-06 20:37:26','2020-01-06 20:37:26'),(734,1,66,442,'2020-01-06 20:37:26','2020-01-06 20:37:26'),(735,2,70,392,'2020-01-06 20:37:26','2020-01-06 20:37:26'),(736,1,161,906,'2020-01-06 20:37:26','2020-01-06 20:37:26'),(737,3,23,305,'2020-01-06 20:37:26','2020-01-06 20:37:26'),(738,3,25,726,'2020-01-06 20:37:26','2020-01-06 20:37:26'),(739,1,41,320,'2020-01-06 20:37:26','2020-01-06 20:37:26'),(740,2,108,412,'2020-01-06 20:37:26','2020-01-06 20:37:26'),(741,3,64,379,'2020-01-06 20:37:26','2020-01-06 20:37:26'),(742,2,179,939,'2020-01-06 20:37:26','2020-01-06 20:37:26'),(743,2,126,669,'2020-01-06 20:37:26','2020-01-06 20:37:26'),(744,2,114,649,'2020-01-06 20:37:26','2020-01-06 20:37:26'),(745,2,197,639,'2020-01-06 20:37:26','2020-01-06 20:37:26'),(746,1,147,607,'2020-01-06 20:37:26','2020-01-06 20:37:26'),(747,3,139,873,'2020-01-06 20:37:26','2020-01-06 20:37:26'),(748,3,156,988,'2020-01-06 20:37:26','2020-01-06 20:37:26'),(749,2,124,515,'2020-01-06 20:37:26','2020-01-06 20:37:26'),(750,1,8,969,'2020-01-06 20:37:26','2020-01-06 20:37:26'),(751,1,47,7,'2020-01-06 20:37:26','2020-01-06 20:37:26'),(752,1,160,649,'2020-01-06 20:37:26','2020-01-06 20:37:26'),(753,1,95,311,'2020-01-06 20:37:26','2020-01-06 20:37:26'),(754,1,177,480,'2020-01-06 20:37:26','2020-01-06 20:37:26'),(755,2,126,292,'2020-01-06 20:37:26','2020-01-06 20:37:26'),(756,3,41,925,'2020-01-06 20:37:26','2020-01-06 20:37:26'),(757,3,97,464,'2020-01-06 20:37:26','2020-01-06 20:37:26'),(758,3,33,928,'2020-01-06 20:37:26','2020-01-06 20:37:26'),(759,2,196,47,'2020-01-06 20:37:26','2020-01-06 20:37:26'),(760,3,173,40,'2020-01-06 20:37:26','2020-01-06 20:37:26'),(761,2,58,939,'2020-01-06 20:37:26','2020-01-06 20:37:26'),(762,3,52,609,'2020-01-06 20:37:26','2020-01-06 20:37:26'),(763,1,138,416,'2020-01-06 20:37:26','2020-01-06 20:37:26'),(764,3,91,158,'2020-01-06 20:37:26','2020-01-06 20:37:26'),(765,1,196,691,'2020-01-06 20:37:26','2020-01-06 20:37:26'),(766,3,140,506,'2020-01-06 20:37:26','2020-01-06 20:37:26'),(767,3,90,234,'2020-01-06 20:37:26','2020-01-06 20:37:26'),(768,3,92,496,'2020-01-06 20:37:26','2020-01-06 20:37:26'),(769,3,44,76,'2020-01-06 20:37:26','2020-01-06 20:37:26'),(770,2,33,451,'2020-01-06 20:37:26','2020-01-06 20:37:26'),(771,2,18,621,'2020-01-06 20:37:26','2020-01-06 20:37:26'),(772,3,165,820,'2020-01-06 20:37:26','2020-01-06 20:37:26'),(773,3,164,891,'2020-01-06 20:37:26','2020-01-06 20:37:26'),(774,2,151,568,'2020-01-06 20:37:26','2020-01-06 20:37:26'),(775,2,184,155,'2020-01-06 20:37:26','2020-01-06 20:37:26'),(776,1,128,169,'2020-01-06 20:37:26','2020-01-06 20:37:26'),(777,1,194,924,'2020-01-06 20:37:26','2020-01-06 20:37:26'),(778,1,198,657,'2020-01-06 20:37:26','2020-01-06 20:37:26'),(779,2,86,643,'2020-01-06 20:37:26','2020-01-06 20:37:26'),(780,3,112,175,'2020-01-06 20:37:26','2020-01-06 20:37:26'),(781,1,17,718,'2020-01-06 20:37:26','2020-01-06 20:37:26'),(782,2,81,706,'2020-01-06 20:37:26','2020-01-06 20:37:26'),(783,1,49,709,'2020-01-06 20:37:26','2020-01-06 20:37:26'),(784,1,162,756,'2020-01-06 20:37:26','2020-01-06 20:37:26'),(785,2,118,781,'2020-01-06 20:37:26','2020-01-06 20:37:26'),(786,1,165,98,'2020-01-06 20:37:26','2020-01-06 20:37:26'),(787,3,152,578,'2020-01-06 20:37:26','2020-01-06 20:37:26'),(788,2,43,994,'2020-01-06 20:37:26','2020-01-06 20:37:26'),(789,1,84,107,'2020-01-06 20:37:26','2020-01-06 20:37:26'),(790,3,52,29,'2020-01-06 20:37:26','2020-01-06 20:37:26'),(791,2,42,346,'2020-01-06 20:37:26','2020-01-06 20:37:26'),(792,1,68,93,'2020-01-06 20:37:26','2020-01-06 20:37:26'),(793,3,3,532,'2020-01-06 20:37:26','2020-01-06 20:37:26'),(794,2,123,549,'2020-01-06 20:37:26','2020-01-06 20:37:26'),(795,3,158,886,'2020-01-06 20:37:26','2020-01-06 20:37:26'),(796,1,130,999,'2020-01-06 20:37:26','2020-01-06 20:37:26'),(797,2,73,659,'2020-01-06 20:37:26','2020-01-06 20:37:26'),(798,2,97,899,'2020-01-06 20:37:27','2020-01-06 20:37:27'),(799,3,125,637,'2020-01-06 20:37:27','2020-01-06 20:37:27'),(800,1,137,748,'2020-01-06 20:37:27','2020-01-06 20:37:27'),(801,3,8,669,'2020-01-06 20:37:27','2020-01-06 20:37:27'),(802,1,55,720,'2020-01-06 20:37:27','2020-01-06 20:37:27'),(803,1,86,6,'2020-01-06 20:37:27','2020-01-06 20:37:27'),(804,2,197,274,'2020-01-06 20:37:27','2020-01-06 20:37:27'),(805,2,145,366,'2020-01-06 20:37:27','2020-01-06 20:37:27'),(806,3,122,357,'2020-01-06 20:37:27','2020-01-06 20:37:27'),(807,1,198,729,'2020-01-06 20:37:27','2020-01-06 20:37:27'),(808,3,56,515,'2020-01-06 20:37:27','2020-01-06 20:37:27'),(809,2,52,950,'2020-01-06 20:37:27','2020-01-06 20:37:27'),(810,3,99,800,'2020-01-06 20:37:27','2020-01-06 20:37:27'),(811,2,170,889,'2020-01-06 20:37:27','2020-01-06 20:37:27'),(812,2,103,872,'2020-01-06 20:37:27','2020-01-06 20:37:27'),(813,2,107,533,'2020-01-06 20:37:27','2020-01-06 20:37:27'),(814,3,89,837,'2020-01-06 20:37:27','2020-01-06 20:37:27'),(815,3,51,710,'2020-01-06 20:37:27','2020-01-06 20:37:27'),(816,2,97,281,'2020-01-06 20:37:27','2020-01-06 20:37:27'),(817,2,90,614,'2020-01-06 20:37:27','2020-01-06 20:37:27'),(818,3,158,401,'2020-01-06 20:37:27','2020-01-06 20:37:27'),(819,3,18,33,'2020-01-06 20:37:27','2020-01-06 20:37:27'),(820,1,93,317,'2020-01-06 20:37:27','2020-01-06 20:37:27'),(821,3,190,769,'2020-01-06 20:37:27','2020-01-06 20:37:27'),(822,2,47,935,'2020-01-06 20:37:27','2020-01-06 20:37:27'),(823,1,95,275,'2020-01-06 20:37:27','2020-01-06 20:37:27'),(824,1,121,723,'2020-01-06 20:37:27','2020-01-06 20:37:27'),(825,2,105,23,'2020-01-06 20:37:27','2020-01-06 20:37:27'),(826,2,168,740,'2020-01-06 20:37:27','2020-01-06 20:37:27'),(827,1,165,723,'2020-01-06 20:37:27','2020-01-06 20:37:27'),(828,3,125,447,'2020-01-06 20:37:27','2020-01-06 20:37:27'),(829,3,48,595,'2020-01-06 20:37:27','2020-01-06 20:37:27'),(830,3,76,295,'2020-01-06 20:37:27','2020-01-06 20:37:27'),(831,3,22,234,'2020-01-06 20:37:27','2020-01-06 20:37:27'),(832,2,140,416,'2020-01-06 20:37:27','2020-01-06 20:37:27'),(833,3,133,882,'2020-01-06 20:37:27','2020-01-06 20:37:27'),(834,2,51,891,'2020-01-06 20:37:27','2020-01-06 20:37:27'),(835,2,158,526,'2020-01-06 20:37:27','2020-01-06 20:37:27'),(836,3,134,407,'2020-01-06 20:37:27','2020-01-06 20:37:27'),(837,2,161,422,'2020-01-06 20:37:27','2020-01-06 20:37:27'),(838,1,119,155,'2020-01-06 20:37:27','2020-01-06 20:37:27'),(839,1,63,848,'2020-01-06 20:37:27','2020-01-06 20:37:27'),(840,1,129,751,'2020-01-06 20:37:27','2020-01-06 20:37:27'),(841,1,132,449,'2020-01-06 20:37:27','2020-01-06 20:37:27'),(842,2,182,756,'2020-01-06 20:37:27','2020-01-06 20:37:27'),(843,1,133,237,'2020-01-06 20:37:27','2020-01-06 20:37:27'),(844,1,72,832,'2020-01-06 20:37:27','2020-01-06 20:37:27'),(845,3,141,235,'2020-01-06 20:37:27','2020-01-06 20:37:27'),(846,3,11,596,'2020-01-06 20:37:27','2020-01-06 20:37:27'),(847,2,17,50,'2020-01-06 20:37:27','2020-01-06 20:37:27'),(848,3,26,318,'2020-01-06 20:37:27','2020-01-06 20:37:27'),(849,2,93,575,'2020-01-06 20:37:27','2020-01-06 20:37:27'),(850,1,115,852,'2020-01-06 20:37:27','2020-01-06 20:37:27'),(851,2,168,247,'2020-01-06 20:37:27','2020-01-06 20:37:27'),(852,2,97,71,'2020-01-06 20:37:27','2020-01-06 20:37:27'),(853,2,148,757,'2020-01-06 20:37:27','2020-01-06 20:37:27'),(854,3,159,137,'2020-01-06 20:37:27','2020-01-06 20:37:27'),(855,3,9,398,'2020-01-06 20:37:27','2020-01-06 20:37:27'),(856,2,103,588,'2020-01-06 20:37:27','2020-01-06 20:37:27'),(857,1,171,937,'2020-01-06 20:37:27','2020-01-06 20:37:27'),(858,1,149,427,'2020-01-06 20:37:27','2020-01-06 20:37:27'),(859,3,158,682,'2020-01-06 20:37:27','2020-01-06 20:37:27'),(860,1,149,1000,'2020-01-06 20:37:27','2020-01-06 20:37:27'),(861,3,158,409,'2020-01-06 20:37:27','2020-01-06 20:37:27'),(862,2,145,7,'2020-01-06 20:37:27','2020-01-06 20:37:27'),(863,3,128,208,'2020-01-06 20:37:27','2020-01-06 20:37:27'),(864,3,26,264,'2020-01-06 20:37:27','2020-01-06 20:37:27'),(865,2,170,964,'2020-01-06 20:37:27','2020-01-06 20:37:27'),(866,1,12,934,'2020-01-06 20:37:27','2020-01-06 20:37:27'),(867,3,117,894,'2020-01-06 20:37:27','2020-01-06 20:37:27'),(868,3,102,724,'2020-01-06 20:37:27','2020-01-06 20:37:27'),(869,2,74,80,'2020-01-06 20:37:27','2020-01-06 20:37:27'),(870,2,57,124,'2020-01-06 20:37:27','2020-01-06 20:37:27'),(871,1,89,562,'2020-01-06 20:37:27','2020-01-06 20:37:27'),(873,1,114,541,'2020-01-06 20:37:27','2020-01-06 20:37:27'),(874,2,135,188,'2020-01-06 20:37:27','2020-01-06 20:37:27'),(875,3,196,148,'2020-01-06 20:37:27','2020-01-06 20:37:27'),(876,3,48,63,'2020-01-06 20:37:27','2020-01-06 20:37:27'),(877,3,20,824,'2020-01-06 20:37:27','2020-01-06 20:37:27'),(878,1,181,544,'2020-01-06 20:37:27','2020-01-06 20:37:27'),(879,2,62,160,'2020-01-06 20:37:27','2020-01-06 20:37:27'),(880,2,71,703,'2020-01-06 20:37:27','2020-01-06 20:37:27'),(881,2,173,744,'2020-01-06 20:37:27','2020-01-06 20:37:27'),(882,2,185,432,'2020-01-06 20:37:27','2020-01-06 20:37:27'),(883,2,172,190,'2020-01-06 20:37:27','2020-01-06 20:37:27'),(884,1,195,658,'2020-01-06 20:37:27','2020-01-06 20:37:27'),(885,3,30,743,'2020-01-06 20:37:27','2020-01-06 20:37:27'),(886,3,50,223,'2020-01-06 20:37:27','2020-01-06 20:37:27'),(887,3,37,28,'2020-01-06 20:37:27','2020-01-06 20:37:27'),(888,3,142,610,'2020-01-06 20:37:27','2020-01-06 20:37:27'),(889,3,136,21,'2020-01-06 20:37:27','2020-01-06 20:37:27'),(890,2,111,912,'2020-01-06 20:37:27','2020-01-06 20:37:27'),(891,1,24,416,'2020-01-06 20:37:27','2020-01-06 20:37:27'),(892,3,79,688,'2020-01-06 20:37:27','2020-01-06 20:37:27'),(893,3,57,650,'2020-01-06 20:37:27','2020-01-06 20:37:27'),(894,3,176,735,'2020-01-06 20:37:27','2020-01-06 20:37:27'),(895,2,135,467,'2020-01-06 20:37:27','2020-01-06 20:37:27'),(896,2,89,589,'2020-01-06 20:37:27','2020-01-06 20:37:27'),(897,3,67,798,'2020-01-06 20:37:27','2020-01-06 20:37:27'),(898,3,38,743,'2020-01-06 20:37:27','2020-01-06 20:37:27'),(899,1,28,870,'2020-01-06 20:37:27','2020-01-06 20:37:27'),(900,2,175,898,'2020-01-06 20:37:27','2020-01-06 20:37:27'),(901,2,57,991,'2020-01-06 20:37:27','2020-01-06 20:37:27'),(902,1,61,561,'2020-01-06 20:37:27','2020-01-06 20:37:27'),(903,3,105,532,'2020-01-06 20:37:27','2020-01-06 20:37:27'),(904,1,109,65,'2020-01-06 20:37:27','2020-01-06 20:37:27'),(905,1,4,470,'2020-01-06 20:37:27','2020-01-06 20:37:27'),(906,1,114,725,'2020-01-06 20:37:27','2020-01-06 20:37:27'),(907,2,162,33,'2020-01-06 20:37:27','2020-01-06 20:37:27'),(908,1,165,476,'2020-01-06 20:37:27','2020-01-06 20:37:27'),(909,3,10,756,'2020-01-06 20:37:27','2020-01-06 20:37:27'),(910,2,13,300,'2020-01-06 20:37:27','2020-01-06 20:37:27'),(911,3,24,412,'2020-01-06 20:37:27','2020-01-06 20:37:27'),(912,2,70,795,'2020-01-06 20:37:27','2020-01-06 20:37:27'),(913,1,57,544,'2020-01-06 20:37:27','2020-01-06 20:37:27'),(914,2,63,275,'2020-01-06 20:37:27','2020-01-06 20:37:27'),(915,2,43,264,'2020-01-06 20:37:27','2020-01-06 20:37:27'),(916,1,187,176,'2020-01-06 20:37:27','2020-01-06 20:37:27'),(917,2,38,201,'2020-01-06 20:37:27','2020-01-06 20:37:27'),(918,1,147,171,'2020-01-06 20:37:28','2020-01-06 20:37:28'),(919,1,184,89,'2020-01-06 20:37:28','2020-01-06 20:37:28'),(920,1,158,691,'2020-01-06 20:37:28','2020-01-06 20:37:28'),(921,3,96,669,'2020-01-06 20:37:28','2020-01-06 20:37:28'),(922,1,147,647,'2020-01-06 20:37:28','2020-01-06 20:37:28'),(923,3,158,52,'2020-01-06 20:37:28','2020-01-06 20:37:28'),(924,3,47,390,'2020-01-06 20:37:28','2020-01-06 20:37:28'),(925,2,53,900,'2020-01-06 20:37:28','2020-01-06 20:37:28'),(926,2,151,406,'2020-01-06 20:37:28','2020-01-06 20:37:28'),(927,2,127,237,'2020-01-06 20:37:28','2020-01-06 20:37:28'),(928,1,157,768,'2020-01-06 20:37:28','2020-01-06 20:37:28'),(929,3,47,658,'2020-01-06 20:37:28','2020-01-06 20:37:28'),(930,1,115,788,'2020-01-06 20:37:28','2020-01-06 20:37:28'),(931,2,12,735,'2020-01-06 20:37:28','2020-01-06 20:37:28'),(932,1,6,307,'2020-01-06 20:37:28','2020-01-06 20:37:28'),(933,3,164,510,'2020-01-06 20:37:28','2020-01-06 20:37:28'),(934,2,98,856,'2020-01-06 20:37:28','2020-01-06 20:37:28'),(935,2,21,131,'2020-01-06 20:37:28','2020-01-06 20:37:28'),(936,2,87,546,'2020-01-06 20:37:28','2020-01-06 20:37:28'),(937,3,175,138,'2020-01-06 20:37:28','2020-01-06 20:37:28'),(938,2,131,986,'2020-01-06 20:37:28','2020-01-06 20:37:28'),(939,1,161,477,'2020-01-06 20:37:28','2020-01-06 20:37:28'),(940,2,59,178,'2020-01-06 20:37:28','2020-01-06 20:37:28'),(941,1,111,255,'2020-01-06 20:37:28','2020-01-06 20:37:28'),(942,1,69,316,'2020-01-06 20:37:28','2020-01-06 20:37:28'),(943,3,73,345,'2020-01-06 20:37:28','2020-01-06 20:37:28'),(944,2,171,922,'2020-01-06 20:37:28','2020-01-06 20:37:28'),(945,1,105,237,'2020-01-06 20:37:28','2020-01-06 20:37:28'),(946,3,96,322,'2020-01-06 20:37:28','2020-01-06 20:37:28'),(947,3,17,345,'2020-01-06 20:37:28','2020-01-06 20:37:28'),(948,2,63,965,'2020-01-06 20:37:28','2020-01-06 20:37:28'),(949,2,107,85,'2020-01-06 20:37:28','2020-01-06 20:37:28'),(950,1,67,718,'2020-01-06 20:37:28','2020-01-06 20:37:28'),(951,2,58,998,'2020-01-06 20:37:28','2020-01-06 20:37:28'),(952,2,141,753,'2020-01-06 20:37:28','2020-01-06 20:37:28'),(953,1,78,751,'2020-01-06 20:37:28','2020-01-06 20:37:28'),(954,3,144,514,'2020-01-06 20:37:28','2020-01-06 20:37:28'),(955,2,111,603,'2020-01-06 20:37:28','2020-01-06 20:37:28'),(956,3,117,435,'2020-01-06 20:37:28','2020-01-06 20:37:28'),(957,1,88,776,'2020-01-06 20:37:28','2020-01-06 20:37:28'),(958,3,67,820,'2020-01-06 20:37:28','2020-01-06 20:37:28'),(959,3,45,620,'2020-01-06 20:37:28','2020-01-06 20:37:28'),(960,2,78,816,'2020-01-06 20:37:28','2020-01-06 20:37:28'),(961,3,82,779,'2020-01-06 20:37:28','2020-01-06 20:37:28'),(962,2,150,669,'2020-01-06 20:37:28','2020-01-06 20:37:28'),(963,3,179,78,'2020-01-06 20:37:28','2020-01-06 20:37:28'),(964,3,181,347,'2020-01-06 20:37:28','2020-01-06 20:37:28'),(965,2,104,550,'2020-01-06 20:37:28','2020-01-06 20:37:28'),(966,1,193,494,'2020-01-06 20:37:28','2020-01-06 20:37:28'),(967,1,173,151,'2020-01-06 20:37:28','2020-01-06 20:37:28'),(968,2,1,999,'2020-01-06 20:37:28','2020-01-06 20:37:28'),(969,3,20,491,'2020-01-06 20:37:28','2020-01-06 20:37:28'),(970,3,136,541,'2020-01-06 20:37:28','2020-01-06 20:37:28'),(971,1,28,412,'2020-01-06 20:37:28','2020-01-06 20:37:28'),(972,3,32,105,'2020-01-06 20:37:28','2020-01-06 20:37:28'),(973,2,105,837,'2020-01-06 20:37:28','2020-01-06 20:37:28'),(974,3,66,631,'2020-01-06 20:37:28','2020-01-06 20:37:28'),(975,2,168,320,'2020-01-06 20:37:28','2020-01-06 20:37:28'),(976,1,173,51,'2020-01-06 20:37:28','2020-01-06 20:37:28'),(977,2,10,959,'2020-01-06 20:37:28','2020-01-06 20:37:28'),(978,2,188,378,'2020-01-06 20:37:28','2020-01-06 20:37:28'),(979,2,81,502,'2020-01-06 20:37:28','2020-01-06 20:37:28'),(980,3,167,571,'2020-01-06 20:37:28','2020-01-06 20:37:28'),(981,2,127,521,'2020-01-06 20:37:28','2020-01-06 20:37:28'),(982,1,26,245,'2020-01-06 20:37:28','2020-01-06 20:37:28'),(983,2,6,21,'2020-01-06 20:37:28','2020-01-06 20:37:28'),(984,1,2,506,'2020-01-06 20:37:28','2020-01-06 20:37:28'),(985,2,126,376,'2020-01-06 20:37:28','2020-01-06 20:37:28'),(986,3,109,458,'2020-01-06 20:37:28','2020-01-06 20:37:28'),(987,2,84,555,'2020-01-06 20:37:28','2020-01-06 20:37:28'),(988,1,145,821,'2020-01-06 20:37:28','2020-01-06 20:37:28'),(989,2,8,389,'2020-01-06 20:37:28','2020-01-06 20:37:28'),(990,1,65,541,'2020-01-06 20:37:28','2020-01-06 20:37:28'),(991,3,128,159,'2020-01-06 20:37:28','2020-01-06 20:37:28'),(992,2,15,591,'2020-01-06 20:37:28','2020-01-06 20:37:28'),(993,1,9,976,'2020-01-06 20:37:28','2020-01-06 20:37:28'),(994,3,137,720,'2020-01-06 20:37:28','2020-01-06 20:37:28'),(995,3,127,88,'2020-01-06 20:37:28','2020-01-06 20:37:28'),(996,2,128,553,'2020-01-06 20:37:28','2020-01-06 20:37:28'),(997,2,196,200,'2020-01-06 20:37:28','2020-01-06 20:37:28'),(998,2,158,367,'2020-01-06 20:37:28','2020-01-06 20:37:28'),(999,3,177,900,'2020-01-06 20:37:28','2020-01-06 20:37:28'),(1000,1,156,975,'2020-01-06 20:37:28','2020-01-06 20:37:28');
/*!40000 ALTER TABLE `tramsactions` ENABLE KEYS */;
UNLOCK TABLES;

--
-- Table structure for table `users`
--

DROP TABLE IF EXISTS `users`;
/*!40101 SET @saved_cs_client     = @@character_set_client */;
/*!40101 SET character_set_client = utf8 */;
CREATE TABLE `users` (
  `id` bigint(20) unsigned NOT NULL AUTO_INCREMENT,
  `name` varchar(191) COLLATE utf8mb4_unicode_ci NOT NULL,
  `email` varchar(191) COLLATE utf8mb4_unicode_ci NOT NULL,
  `email_verified_at` timestamp NULL DEFAULT NULL,
  `password` varchar(191) COLLATE utf8mb4_unicode_ci NOT NULL,
  `remember_token` varchar(100) COLLATE utf8mb4_unicode_ci DEFAULT NULL,
  `verified` varchar(191) COLLATE utf8mb4_unicode_ci NOT NULL DEFAULT '0',
  `verification_token` varchar(191) COLLATE utf8mb4_unicode_ci DEFAULT NULL,
  `admin` varchar(191) COLLATE utf8mb4_unicode_ci NOT NULL DEFAULT 'false',
  `created_at` timestamp NULL DEFAULT NULL,
  `updated_at` timestamp NULL DEFAULT NULL,
  PRIMARY KEY (`id`),
  UNIQUE KEY `users_email_unique` (`email`)
) ENGINE=InnoDB AUTO_INCREMENT=208 DEFAULT CHARSET=utf8mb4 COLLATE=utf8mb4_unicode_ci;
/*!40101 SET character_set_client = @saved_cs_client */;

--
-- Dumping data for table `users`
--

LOCK TABLES `users` WRITE;
/*!40000 ALTER TABLE `users` DISABLE KEYS */;
INSERT INTO `users` VALUES (1,'Eda Oberbrunner','justen.schmidt@example.org','2020-01-06 20:36:46','$2y$10$xr93PolGsv3j9X4dyiffJ.yvDKiZvgvL00ld2a4eMiY3kPqmb2Wp2','ayHzlkYS33','1',NULL,'true','2020-01-06 20:36:47','2020-01-06 20:36:47'),(2,'Amina McDermott','tobin.pacocha@example.com','2020-01-06 20:36:47','$2y$10$xr93PolGsv3j9X4dyiffJ.yvDKiZvgvL00ld2a4eMiY3kPqmb2Wp2','rma859EMhL','0','qiRI72pqysERmcZJsepltyYDqNyGnWBfZx3GzpRM','true','2020-01-06 20:36:47','2020-01-06 20:36:47'),(3,'Dr. Royal Funk MD','xweimann@example.org','2020-01-06 20:36:47','$2y$10$xr93PolGsv3j9X4dyiffJ.yvDKiZvgvL00ld2a4eMiY3kPqmb2Wp2','fvA5Ojo8hv','0','hjYxyG3HpTFoqfYbOtT5g2PpmkkF7KBKXBfLxkhV','false','2020-01-06 20:36:47','2020-01-06 20:36:47'),(4,'Moriah Ebert','maynard74@example.com','2020-01-06 20:36:47','$2y$10$xr93PolGsv3j9X4dyiffJ.yvDKiZvgvL00ld2a4eMiY3kPqmb2Wp2','edcnoplrKY','0','qaB53mM9oSdihDCuPHTmgVAsjr6tQcnOwDhjVI4w','true','2020-01-06 20:36:47','2020-01-06 20:36:47'),(5,'Devon Stamm','hanna.hartmann@example.org','2020-01-06 20:36:47','$2y$10$xr93PolGsv3j9X4dyiffJ.yvDKiZvgvL00ld2a4eMiY3kPqmb2Wp2','0p4ZoXlLI9','1',NULL,'false','2020-01-06 20:36:47','2020-01-06 20:36:47'),(6,'Chelsie Little','matteo.runolfsson@example.org','2020-01-06 20:36:47','$2y$10$xr93PolGsv3j9X4dyiffJ.yvDKiZvgvL00ld2a4eMiY3kPqmb2Wp2','awaKsJfMWK','1',NULL,'false','2020-01-06 20:36:47','2020-01-06 20:36:47'),(7,'Deondre Heller','eldon53@example.com','2020-01-06 20:36:47','$2y$10$xr93PolGsv3j9X4dyiffJ.yvDKiZvgvL00ld2a4eMiY3kPqmb2Wp2','BGsw1pNQS7','0','KMc6Xr5ScxQPEbVvCEqad9jfkPqUDSCbyNZVoeNa','true','2020-01-06 20:36:47','2020-01-06 20:36:47'),(8,'Johann Nienow','erling07@example.org','2020-01-06 20:36:47','$2y$10$xr93PolGsv3j9X4dyiffJ.yvDKiZvgvL00ld2a4eMiY3kPqmb2Wp2','fmyY7VBYsh','0','gDI8DURGgf0BZNba0rdEMEt8Skn8s5YQqQGowxo2','true','2020-01-06 20:36:47','2020-01-06 20:36:47'),(9,'Malinda Monahan','krau@example.net','2020-01-06 20:36:47','$2y$10$xr93PolGsv3j9X4dyiffJ.yvDKiZvgvL00ld2a4eMiY3kPqmb2Wp2','y2hfij43ML','0','bg7Fl1d7EB68ICp0foULs7kdg5h1Avb8Teokl9ht','false','2020-01-06 20:36:47','2020-01-06 20:36:47'),(10,'Pat Hodkiewicz','bhintz@example.net','2020-01-06 20:36:47','$2y$10$xr93PolGsv3j9X4dyiffJ.yvDKiZvgvL00ld2a4eMiY3kPqmb2Wp2','Dd6x2WzIcz','0','Smd2AFgGTd0fPlVkotXV9Mh5H16afRAjhRLJU8AP','false','2020-01-06 20:36:47','2020-01-06 20:36:47'),(11,'Cooper Christiansen IV','caleb23@example.net','2020-01-06 20:36:47','$2y$10$xr93PolGsv3j9X4dyiffJ.yvDKiZvgvL00ld2a4eMiY3kPqmb2Wp2','BZgK8f1lmF','0','znKpHetcxyzFyCvkp9VGMjrd7JKgmDRaNnbuVJ5M','false','2020-01-06 20:36:47','2020-01-06 20:36:47'),(12,'Prof. Marion Yundt Sr.','armstrong.sadie@example.net','2020-01-06 20:36:47','$2y$10$xr93PolGsv3j9X4dyiffJ.yvDKiZvgvL00ld2a4eMiY3kPqmb2Wp2','1qDZCTg82o','1',NULL,'false','2020-01-06 20:36:47','2020-01-06 20:36:47'),(13,'Georgiana Nikolaus','hdenesik@example.com','2020-01-06 20:36:47','$2y$10$xr93PolGsv3j9X4dyiffJ.yvDKiZvgvL00ld2a4eMiY3kPqmb2Wp2','ysSfh4uCgY','0','fq1wiFvdAi3VrvSByrJ1cFOBg15BMhjmCET17SiW','false','2020-01-06 20:36:47','2020-01-06 20:36:47'),(14,'Katlynn Mills','tess21@example.org','2020-01-06 20:36:47','$2y$10$xr93PolGsv3j9X4dyiffJ.yvDKiZvgvL00ld2a4eMiY3kPqmb2Wp2','wB1yHJNbgd','1',NULL,'false','2020-01-06 20:36:47','2020-01-06 20:36:47'),(15,'Kyla Swift','dee.ruecker@example.net','2020-01-06 20:36:47','$2y$10$xr93PolGsv3j9X4dyiffJ.yvDKiZvgvL00ld2a4eMiY3kPqmb2Wp2','ozeGHjqHPe','0','mgBrfxiWe9PYcpfjQYjBmirJn1PGyA9O69piR5Rg','true','2020-01-06 20:36:47','2020-01-06 20:36:47'),(16,'Mike Legros','qward@example.org','2020-01-06 20:36:47','$2y$10$xr93PolGsv3j9X4dyiffJ.yvDKiZvgvL00ld2a4eMiY3kPqmb2Wp2','mwu6uPKUWL','1',NULL,'true','2020-01-06 20:36:47','2020-01-06 20:36:47'),(17,'Mr. Cortez Kub','schiller.sandrine@example.net','2020-01-06 20:36:47','$2y$10$xr93PolGsv3j9X4dyiffJ.yvDKiZvgvL00ld2a4eMiY3kPqmb2Wp2','VYZN2Rcqks','1',NULL,'false','2020-01-06 20:36:47','2020-01-06 20:36:47'),(18,'Dr. Jeramie Yundt','trunte@example.net','2020-01-06 20:36:47','$2y$10$xr93PolGsv3j9X4dyiffJ.yvDKiZvgvL00ld2a4eMiY3kPqmb2Wp2','2ahCzvaHNF','1',NULL,'false','2020-01-06 20:36:47','2020-01-06 20:36:47'),(19,'Luna Kunde','mikel67@example.com','2020-01-06 20:36:47','$2y$10$xr93PolGsv3j9X4dyiffJ.yvDKiZvgvL00ld2a4eMiY3kPqmb2Wp2','MuvJZw4M7S','0','c70cZmcE2CgSAsrgXV5GnaW6ayzNXBtFxfMZ1MHM','true','2020-01-06 20:36:47','2020-01-06 20:36:47'),(20,'Prof. Edison Wisozk','darrion.zulauf@example.net','2020-01-06 20:36:47','$2y$10$xr93PolGsv3j9X4dyiffJ.yvDKiZvgvL00ld2a4eMiY3kPqmb2Wp2','nyxcJGOnn3','1',NULL,'true','2020-01-06 20:36:47','2020-01-06 20:36:47'),(21,'Javier Medhurst','dillan69@example.org','2020-01-06 20:36:47','$2y$10$xr93PolGsv3j9X4dyiffJ.yvDKiZvgvL00ld2a4eMiY3kPqmb2Wp2','IdIURM4cQw','0','xLq66ESWJmFnRPS24T90htcVwch9lbSpJUbMxFXP','true','2020-01-06 20:36:47','2020-01-06 20:36:47'),(22,'Ivy Quigley','lnitzsche@example.net','2020-01-06 20:36:47','$2y$10$xr93PolGsv3j9X4dyiffJ.yvDKiZvgvL00ld2a4eMiY3kPqmb2Wp2','EbUANjweDl','0','aNX0PvTRX8GWF864ovZQNzYNwZYM2e5umAyim4xp','true','2020-01-06 20:36:47','2020-01-06 20:36:47'),(23,'Dr. Haleigh Pfannerstill Sr.','zbeer@example.org','2020-01-06 20:36:47','$2y$10$xr93PolGsv3j9X4dyiffJ.yvDKiZvgvL00ld2a4eMiY3kPqmb2Wp2','eRCnv1G96X','1',NULL,'false','2020-01-06 20:36:47','2020-01-06 20:36:47'),(24,'Leanne Breitenberg','stark.chelsie@example.com','2020-01-06 20:36:47','$2y$10$xr93PolGsv3j9X4dyiffJ.yvDKiZvgvL00ld2a4eMiY3kPqmb2Wp2','LaHNZt17ED','0','lK4KLoet17lq9i5YV7uwFh23RD1dYoDzbQT0zP5u','true','2020-01-06 20:36:47','2020-01-06 20:36:47'),(25,'Elton Nitzsche','nels49@example.org','2020-01-06 20:36:47','$2y$10$xr93PolGsv3j9X4dyiffJ.yvDKiZvgvL00ld2a4eMiY3kPqmb2Wp2','GDttA6lAL0','0','IwoegL5PqUZGGMCV7tN7EDso6qMN3LaT3lW1LRfZ','false','2020-01-06 20:36:47','2020-01-06 20:36:47'),(26,'Darien Dibbert','lorine.crooks@example.com','2020-01-06 20:36:47','$2y$10$xr93PolGsv3j9X4dyiffJ.yvDKiZvgvL00ld2a4eMiY3kPqmb2Wp2','o5Pov5hhxq','1',NULL,'true','2020-01-06 20:36:47','2020-01-06 20:36:47'),(27,'Alayna Mitchell III','thiel.pat@example.com','2020-01-06 20:36:47','$2y$10$xr93PolGsv3j9X4dyiffJ.yvDKiZvgvL00ld2a4eMiY3kPqmb2Wp2','ojhdMfUwJw','1',NULL,'false','2020-01-06 20:36:47','2020-01-06 20:36:47'),(28,'Elmer Volkman','veum.hector@example.net','2020-01-06 20:36:47','$2y$10$xr93PolGsv3j9X4dyiffJ.yvDKiZvgvL00ld2a4eMiY3kPqmb2Wp2','rriZkwb9Ot','0','9AMbSAaTbLoxraJnDtRgokq8Wab6aJG5LLqxG2T1','false','2020-01-06 20:36:47','2020-01-06 20:36:47'),(29,'Prof. Madison Sanford','abbott.joy@example.org','2020-01-06 20:36:47','$2y$10$xr93PolGsv3j9X4dyiffJ.yvDKiZvgvL00ld2a4eMiY3kPqmb2Wp2','mVCS0V8QuB','1',NULL,'false','2020-01-06 20:36:47','2020-01-06 20:36:47'),(30,'Alda Harris MD','cgaylord@example.com','2020-01-06 20:36:47','$2y$10$xr93PolGsv3j9X4dyiffJ.yvDKiZvgvL00ld2a4eMiY3kPqmb2Wp2','xKZwXNkau9','0','ozdH9awPpsWbUiX2MQjZGJCEodngduwVVjEHWNAk','true','2020-01-06 20:36:47','2020-01-06 20:36:47'),(31,'Garret Shanahan PhD','shaina.rowe@example.net','2020-01-06 20:36:47','$2y$10$xr93PolGsv3j9X4dyiffJ.yvDKiZvgvL00ld2a4eMiY3kPqmb2Wp2','ZMKMMTmHCv','1',NULL,'true','2020-01-06 20:36:47','2020-01-06 20:36:47'),(32,'Prof. Guadalupe Sipes','otho.dare@example.org','2020-01-06 20:36:47','$2y$10$xr93PolGsv3j9X4dyiffJ.yvDKiZvgvL00ld2a4eMiY3kPqmb2Wp2','QEkKSpJGl7','1',NULL,'false','2020-01-06 20:36:47','2020-01-06 20:36:47'),(33,'Kaitlyn Adams','louie21@example.com','2020-01-06 20:36:47','$2y$10$xr93PolGsv3j9X4dyiffJ.yvDKiZvgvL00ld2a4eMiY3kPqmb2Wp2','pdxBMT0NCB','1',NULL,'false','2020-01-06 20:36:47','2020-01-06 20:36:47'),(34,'Nicole Erdman','fausto48@example.net','2020-01-06 20:36:47','$2y$10$xr93PolGsv3j9X4dyiffJ.yvDKiZvgvL00ld2a4eMiY3kPqmb2Wp2','6ywVxxYUiG','1',NULL,'true','2020-01-06 20:36:47','2020-01-06 20:36:47'),(35,'Prof. Brandt Schuster','carmela13@example.net','2020-01-06 20:36:47','$2y$10$xr93PolGsv3j9X4dyiffJ.yvDKiZvgvL00ld2a4eMiY3kPqmb2Wp2','oE4L9nKCFb','1',NULL,'true','2020-01-06 20:36:47','2020-01-06 20:36:47'),(36,'Lupe Hodkiewicz','thompson.hertha@example.org','2020-01-06 20:36:47','$2y$10$xr93PolGsv3j9X4dyiffJ.yvDKiZvgvL00ld2a4eMiY3kPqmb2Wp2','4ACbiQIwXb','0','epr19qco2IvG3B6eON3x3PWeTpibSqvakNH0LS7q','false','2020-01-06 20:36:47','2020-01-06 20:36:47'),(37,'Moses Turner','anna.mante@example.org','2020-01-06 20:36:47','$2y$10$xr93PolGsv3j9X4dyiffJ.yvDKiZvgvL00ld2a4eMiY3kPqmb2Wp2','QGI45wvnGj','1',NULL,'true','2020-01-06 20:36:47','2020-01-06 20:36:47'),(38,'Kellen Hermann','mpowlowski@example.net','2020-01-06 20:36:47','$2y$10$xr93PolGsv3j9X4dyiffJ.yvDKiZvgvL00ld2a4eMiY3kPqmb2Wp2','i3LuLFSiNp','0','SiF5iev8iOOrkP5SaUjdyqEwlQoN6Uy5xZ444vvc','false','2020-01-06 20:36:47','2020-01-06 20:36:47'),(39,'Prof. Susan Boyle','eden.wintheiser@example.com','2020-01-06 20:36:47','$2y$10$xr93PolGsv3j9X4dyiffJ.yvDKiZvgvL00ld2a4eMiY3kPqmb2Wp2','tZHVS1aAlw','0','xYZqV9IOywN9Bc7066VxnLhcopxi4tUuuIfmo54c','true','2020-01-06 20:36:47','2020-01-06 20:36:47'),(40,'Brennon Tremblay','szulauf@example.com','2020-01-06 20:36:47','$2y$10$xr93PolGsv3j9X4dyiffJ.yvDKiZvgvL00ld2a4eMiY3kPqmb2Wp2','RBbFLhpEba','1',NULL,'false','2020-01-06 20:36:47','2020-01-06 20:36:47'),(41,'Wilson Cole','bmarquardt@example.com','2020-01-06 20:36:47','$2y$10$xr93PolGsv3j9X4dyiffJ.yvDKiZvgvL00ld2a4eMiY3kPqmb2Wp2','c9cYAer63q','1',NULL,'true','2020-01-06 20:36:47','2020-01-06 20:36:47'),(42,'Ms. Muriel Marks','nella33@example.com','2020-01-06 20:36:47','$2y$10$xr93PolGsv3j9X4dyiffJ.yvDKiZvgvL00ld2a4eMiY3kPqmb2Wp2','LV53U48oaJ','0','APPAxTwmdMGW0cTdrXdwLnDaKhihcECIP0ifVEz0','true','2020-01-06 20:36:47','2020-01-06 20:36:47'),(43,'Dominic Barrows V','mhayes@example.net','2020-01-06 20:36:47','$2y$10$xr93PolGsv3j9X4dyiffJ.yvDKiZvgvL00ld2a4eMiY3kPqmb2Wp2','4rwNZ4eYnT','0','7ku3onnmPNp0RpmKMxCGhPSMPtO0bHI1pjkg3RwU','true','2020-01-06 20:36:47','2020-01-06 20:36:47'),(44,'Mr. Enos Nicolas','nat19@example.net','2020-01-06 20:36:47','$2y$10$xr93PolGsv3j9X4dyiffJ.yvDKiZvgvL00ld2a4eMiY3kPqmb2Wp2','gWoIreuoHX','1',NULL,'true','2020-01-06 20:36:47','2020-01-06 20:36:47'),(45,'Prof. Else Rowe IV','jschroeder@example.org','2020-01-06 20:36:47','$2y$10$xr93PolGsv3j9X4dyiffJ.yvDKiZvgvL00ld2a4eMiY3kPqmb2Wp2','c9l7LriDSP','1',NULL,'true','2020-01-06 20:36:47','2020-01-06 20:36:47'),(46,'Anibal Hudson','garret.morissette@example.net','2020-01-06 20:36:47','$2y$10$xr93PolGsv3j9X4dyiffJ.yvDKiZvgvL00ld2a4eMiY3kPqmb2Wp2','eIuq0ZqIRO','1',NULL,'false','2020-01-06 20:36:47','2020-01-06 20:36:47'),(47,'Nicholaus Walsh','tianna.ebert@example.com','2020-01-06 20:36:47','$2y$10$xr93PolGsv3j9X4dyiffJ.yvDKiZvgvL00ld2a4eMiY3kPqmb2Wp2','H5ery9nugU','0','yZnFDArW0Kgs06JCeL4ymdG7bFFjPHQhqJGCxC7r','true','2020-01-06 20:36:47','2020-01-06 20:36:47'),(48,'Jayda Dare','wunsch.lilly@example.com','2020-01-06 20:36:47','$2y$10$xr93PolGsv3j9X4dyiffJ.yvDKiZvgvL00ld2a4eMiY3kPqmb2Wp2','1xCqoSLLKJ','0','xuhIrc8a3NGGEV44VD5q1vq9W9Ah6LxfkO3Ve8p1','true','2020-01-06 20:36:47','2020-01-06 20:36:47'),(49,'Dr. Edna Erdman Sr.','ijakubowski@example.com','2020-01-06 20:36:47','$2y$10$xr93PolGsv3j9X4dyiffJ.yvDKiZvgvL00ld2a4eMiY3kPqmb2Wp2','bMOBledXfC','0','ZnVs9YcWvUplteNPJoKRVERtYVJHCmpqolk6u2s0','false','2020-01-06 20:36:47','2020-01-06 20:36:47'),(50,'Emil Barrows','clementina.white@example.com','2020-01-06 20:36:47','$2y$10$xr93PolGsv3j9X4dyiffJ.yvDKiZvgvL00ld2a4eMiY3kPqmb2Wp2','O0l17l4dBC','0','AAD8J5M0psNjQea4gTvK2uubUwcpjIj5EKLd100W','false','2020-01-06 20:36:47','2020-01-06 20:36:47'),(51,'Ms. Aryanna Mosciski','leuschke.madyson@example.org','2020-01-06 20:36:47','$2y$10$xr93PolGsv3j9X4dyiffJ.yvDKiZvgvL00ld2a4eMiY3kPqmb2Wp2','hNM4UY5jQ3','0','fewjY2QsbR2R4slzeAFPz0PDY6vRKT98adZfKI5v','true','2020-01-06 20:36:47','2020-01-06 20:36:47'),(52,'Mrs. Orpha Macejkovic Sr.','pvon@example.org','2020-01-06 20:36:47','$2y$10$xr93PolGsv3j9X4dyiffJ.yvDKiZvgvL00ld2a4eMiY3kPqmb2Wp2','jTVKYsPhfV','1',NULL,'false','2020-01-06 20:36:47','2020-01-06 20:36:47'),(53,'Mrs. Idell Fay','qpurdy@example.org','2020-01-06 20:36:47','$2y$10$xr93PolGsv3j9X4dyiffJ.yvDKiZvgvL00ld2a4eMiY3kPqmb2Wp2','Pxo8jx66uv','1',NULL,'true','2020-01-06 20:36:47','2020-01-06 20:36:47'),(54,'Haley McLaughlin I','unique.kautzer@example.org','2020-01-06 20:36:47','$2y$10$xr93PolGsv3j9X4dyiffJ.yvDKiZvgvL00ld2a4eMiY3kPqmb2Wp2','t6JfowHpkI','0','R4yNYbNHO2hlYGCB0XnYSXMQghvDPSBLfVtyK9l8','false','2020-01-06 20:36:47','2020-01-06 20:36:47'),(55,'Prof. Ignatius Murray','jessyca61@example.net','2020-01-06 20:36:47','$2y$10$xr93PolGsv3j9X4dyiffJ.yvDKiZvgvL00ld2a4eMiY3kPqmb2Wp2','3bLvoXoM1w','1',NULL,'false','2020-01-06 20:36:47','2020-01-06 20:36:47'),(56,'Jaime Johns','domenico.barrows@example.org','2020-01-06 20:36:47','$2y$10$xr93PolGsv3j9X4dyiffJ.yvDKiZvgvL00ld2a4eMiY3kPqmb2Wp2','an6FJSDPNj','1',NULL,'false','2020-01-06 20:36:47','2020-01-06 20:36:47'),(57,'Hanna Pfeffer','runte.elmo@example.net','2020-01-06 20:36:47','$2y$10$xr93PolGsv3j9X4dyiffJ.yvDKiZvgvL00ld2a4eMiY3kPqmb2Wp2','NPLOHg0uOr','1',NULL,'false','2020-01-06 20:36:47','2020-01-06 20:36:47'),(58,'Alexa Nader','bernhard28@example.com','2020-01-06 20:36:47','$2y$10$xr93PolGsv3j9X4dyiffJ.yvDKiZvgvL00ld2a4eMiY3kPqmb2Wp2','xTX88sCzOE','0','kHGnicx1HE0MjKMqMDmbwXM5vaJXvydbrUnOa9Zq','true','2020-01-06 20:36:47','2020-01-06 20:36:47'),(59,'Kassandra Price V','rath.wilbert@example.net','2020-01-06 20:36:47','$2y$10$xr93PolGsv3j9X4dyiffJ.yvDKiZvgvL00ld2a4eMiY3kPqmb2Wp2','3PIEa8scss','0','P6VFed2Y4MPGHzbiXIjeRQJfsLakIFrl5Iz5n8rJ','true','2020-01-06 20:36:47','2020-01-06 20:36:47'),(60,'Zola Lubowitz','evangeline89@example.com','2020-01-06 20:36:47','$2y$10$xr93PolGsv3j9X4dyiffJ.yvDKiZvgvL00ld2a4eMiY3kPqmb2Wp2','8vbEOaHdWZ','0','oyQuPAi82XiYdZd77ycuFojb6UMC5TD30quNcSZX','true','2020-01-06 20:36:47','2020-01-06 20:36:47'),(61,'Janie Mann','shany.bogisich@example.com','2020-01-06 20:36:47','$2y$10$xr93PolGsv3j9X4dyiffJ.yvDKiZvgvL00ld2a4eMiY3kPqmb2Wp2','kTxp7zMswx','0','xJl70iDNXzWMl2b9IRa9KVp1kzbNZm6iznOm6Xtc','true','2020-01-06 20:36:47','2020-01-06 20:36:47'),(62,'Francesca Jenkins','nelda64@example.org','2020-01-06 20:36:47','$2y$10$xr93PolGsv3j9X4dyiffJ.yvDKiZvgvL00ld2a4eMiY3kPqmb2Wp2','y2tVVCkfNk','0','1Lncsp7DS7ZmKDZtGHMdZicsf3Jgl9E3WTE4atlo','false','2020-01-06 20:36:47','2020-01-06 20:36:47'),(63,'Miss Alanis Bruen IV','lincoln.mckenzie@example.com','2020-01-06 20:36:47','$2y$10$xr93PolGsv3j9X4dyiffJ.yvDKiZvgvL00ld2a4eMiY3kPqmb2Wp2','IBoF9wUFMn','0','59ZXN7evU3H29azeXbVAyHQHdbWE2FHtQLkYOfqs','false','2020-01-06 20:36:47','2020-01-06 20:36:47'),(64,'Mrs. Rowena Feil PhD','johnson.oliver@example.net','2020-01-06 20:36:47','$2y$10$xr93PolGsv3j9X4dyiffJ.yvDKiZvgvL00ld2a4eMiY3kPqmb2Wp2','XAm6TftB1S','0','8lNxnZjnIcauWwUjW04rYxIUuNkguKPmf1ZH6mz2','false','2020-01-06 20:36:47','2020-01-06 20:36:47'),(65,'William Pollich','lhauck@example.org','2020-01-06 20:36:47','$2y$10$xr93PolGsv3j9X4dyiffJ.yvDKiZvgvL00ld2a4eMiY3kPqmb2Wp2','ZxONbDTAfp','1',NULL,'true','2020-01-06 20:36:47','2020-01-06 20:36:47'),(66,'Daryl Hickle III','arvid73@example.com','2020-01-06 20:36:47','$2y$10$xr93PolGsv3j9X4dyiffJ.yvDKiZvgvL00ld2a4eMiY3kPqmb2Wp2','Teoy3MnFat','1',NULL,'false','2020-01-06 20:36:47','2020-01-06 20:36:47'),(67,'Nico Kirlin','may.wiegand@example.org','2020-01-06 20:36:47','$2y$10$xr93PolGsv3j9X4dyiffJ.yvDKiZvgvL00ld2a4eMiY3kPqmb2Wp2','USY7diFoMa','0','K2LhtN9ZfvWXyugHhAPAVT4e6P2H7PfAo33bSDVO','false','2020-01-06 20:36:47','2020-01-06 20:36:47'),(68,'Miss Tiara Kertzmann II','igraham@example.com','2020-01-06 20:36:47','$2y$10$xr93PolGsv3j9X4dyiffJ.yvDKiZvgvL00ld2a4eMiY3kPqmb2Wp2','Pdn1PPgfwH','0','Tr43ZGhmsYE9RXmuF2urV2ulGLbk6kMME1BKQD3U','false','2020-01-06 20:36:47','2020-01-06 20:36:47'),(69,'Isidro Bogan','powlowski.alberto@example.org','2020-01-06 20:36:47','$2y$10$xr93PolGsv3j9X4dyiffJ.yvDKiZvgvL00ld2a4eMiY3kPqmb2Wp2','NkeAcEeOih','0','z1B9XM9T3XJ2FXcrstr93QEMznA8I1SYKF518zFO','false','2020-01-06 20:36:47','2020-01-06 20:36:47'),(70,'Miss Brittany Erdman II','jarod49@example.com','2020-01-06 20:36:47','$2y$10$xr93PolGsv3j9X4dyiffJ.yvDKiZvgvL00ld2a4eMiY3kPqmb2Wp2','vUprXDQyb1','0','bWxkANyHrFhzBofrRHdACyZB2o8VFrrRIwoSdBZw','true','2020-01-06 20:36:47','2020-01-06 20:36:47'),(71,'Glenna Stroman I','miguel.hessel@example.com','2020-01-06 20:36:47','$2y$10$xr93PolGsv3j9X4dyiffJ.yvDKiZvgvL00ld2a4eMiY3kPqmb2Wp2','HN4jTdBRrj','1',NULL,'true','2020-01-06 20:36:47','2020-01-06 20:36:47'),(72,'Lambert Schmitt','tyreek.pfeffer@example.net','2020-01-06 20:36:47','$2y$10$xr93PolGsv3j9X4dyiffJ.yvDKiZvgvL00ld2a4eMiY3kPqmb2Wp2','XXhvPNQDvi','0','Z5uv1vJpNXDNF7YMNH2LCQUntQ5Jqp7qk0oVRaJP','false','2020-01-06 20:36:47','2020-01-06 20:36:47'),(73,'Mr. Abner Blick DVM','adolphus.luettgen@example.net','2020-01-06 20:36:47','$2y$10$xr93PolGsv3j9X4dyiffJ.yvDKiZvgvL00ld2a4eMiY3kPqmb2Wp2','uYZwMqUJfB','0','DTxjVnAnunxoxIXzbsL2TuNUq8NVlNIbqy71NhQi','false','2020-01-06 20:36:47','2020-01-06 20:36:47'),(74,'Cyril Romaguera','nrenner@example.org','2020-01-06 20:36:47','$2y$10$xr93PolGsv3j9X4dyiffJ.yvDKiZvgvL00ld2a4eMiY3kPqmb2Wp2','i1dNDk87PK','0','dAjVaQzQmbOJLdfc9Ab6du9KpxpkuvqKkJoiN3FP','false','2020-01-06 20:36:47','2020-01-06 20:36:47'),(75,'Dr. Ismael Sauer','boehm.joannie@example.com','2020-01-06 20:36:47','$2y$10$xr93PolGsv3j9X4dyiffJ.yvDKiZvgvL00ld2a4eMiY3kPqmb2Wp2','iJB7S7vwmG','1',NULL,'true','2020-01-06 20:36:47','2020-01-06 20:36:47'),(76,'Lamont Crist','braun.jesus@example.com','2020-01-06 20:36:47','$2y$10$xr93PolGsv3j9X4dyiffJ.yvDKiZvgvL00ld2a4eMiY3kPqmb2Wp2','48Vx1bX4Ie','1',NULL,'false','2020-01-06 20:36:47','2020-01-06 20:36:47'),(77,'Dr. Vernon Miller DVM','leuschke.dagmar@example.net','2020-01-06 20:36:47','$2y$10$xr93PolGsv3j9X4dyiffJ.yvDKiZvgvL00ld2a4eMiY3kPqmb2Wp2','njkLro8FMH','0','ICZZho0rMq91KDgOcZZbIxvOEZY0nVE9tF79oXQh','false','2020-01-06 20:36:47','2020-01-06 20:36:47'),(78,'Prof. Marquis Huels','bernadine35@example.org','2020-01-06 20:36:47','$2y$10$xr93PolGsv3j9X4dyiffJ.yvDKiZvgvL00ld2a4eMiY3kPqmb2Wp2','39qXp56Rpv','1',NULL,'false','2020-01-06 20:36:47','2020-01-06 20:36:47'),(79,'Audrey Zemlak I','joshua99@example.net','2020-01-06 20:36:47','$2y$10$xr93PolGsv3j9X4dyiffJ.yvDKiZvgvL00ld2a4eMiY3kPqmb2Wp2','V75GNy5EjT','1',NULL,'false','2020-01-06 20:36:47','2020-01-06 20:36:47'),(80,'Deven Cole','chester.hane@example.com','2020-01-06 20:36:47','$2y$10$xr93PolGsv3j9X4dyiffJ.yvDKiZvgvL00ld2a4eMiY3kPqmb2Wp2','C0gETNWMh7','1',NULL,'true','2020-01-06 20:36:47','2020-01-06 20:36:47'),(81,'Dr. Arvel Wolff','sporer.myriam@example.org','2020-01-06 20:36:47','$2y$10$xr93PolGsv3j9X4dyiffJ.yvDKiZvgvL00ld2a4eMiY3kPqmb2Wp2','oFQ7D8sni4','1',NULL,'false','2020-01-06 20:36:47','2020-01-06 20:36:47'),(82,'Eunice Runolfsson','pabshire@example.net','2020-01-06 20:36:47','$2y$10$xr93PolGsv3j9X4dyiffJ.yvDKiZvgvL00ld2a4eMiY3kPqmb2Wp2','3cxNm7oeTM','1',NULL,'false','2020-01-06 20:36:47','2020-01-06 20:36:47'),(83,'Ms. Bernice Steuber','vvandervort@example.org','2020-01-06 20:36:47','$2y$10$xr93PolGsv3j9X4dyiffJ.yvDKiZvgvL00ld2a4eMiY3kPqmb2Wp2','KC4g77lyAp','1',NULL,'true','2020-01-06 20:36:47','2020-01-06 20:36:47'),(84,'Prof. Carrie McDermott MD','king.assunta@example.org','2020-01-06 20:36:47','$2y$10$xr93PolGsv3j9X4dyiffJ.yvDKiZvgvL00ld2a4eMiY3kPqmb2Wp2','OdV8uDtX5O','0','XjMj1AsNN3QvxDvPPuXkxuhKiutJoiizMaEQS3uO','true','2020-01-06 20:36:47','2020-01-06 20:36:47'),(85,'Miss Angelica Wilkinson I','chadrick78@example.org','2020-01-06 20:36:47','$2y$10$xr93PolGsv3j9X4dyiffJ.yvDKiZvgvL00ld2a4eMiY3kPqmb2Wp2','8UWbj10itC','0','2JqQsgbjeoTPWeuQPHOFgBS0lgDs9agakLHfVUNj','true','2020-01-06 20:36:47','2020-01-06 20:36:47'),(86,'Prof. Leonard Champlin IV','armand.schamberger@example.org','2020-01-06 20:36:47','$2y$10$xr93PolGsv3j9X4dyiffJ.yvDKiZvgvL00ld2a4eMiY3kPqmb2Wp2','0b6suYe3mR','0','TWpULHHZaduQjN3CmyyIOnupurt2UfnZiYlCvMu5','true','2020-01-06 20:36:47','2020-01-06 20:36:47'),(87,'Alta Howell','boyer.antonia@example.com','2020-01-06 20:36:47','$2y$10$xr93PolGsv3j9X4dyiffJ.yvDKiZvgvL00ld2a4eMiY3kPqmb2Wp2','wG3eAEUUTU','0','cjM4a8EyhWV9wHd9hoyWs7ZSEqb68YpFFtoBK393','false','2020-01-06 20:36:47','2020-01-06 20:36:47'),(88,'Ila Torphy','kathryne.hackett@example.com','2020-01-06 20:36:47','$2y$10$xr93PolGsv3j9X4dyiffJ.yvDKiZvgvL00ld2a4eMiY3kPqmb2Wp2','NJ5WkEhPts','1',NULL,'false','2020-01-06 20:36:47','2020-01-06 20:36:47'),(89,'Cleve Cassin','hoppe.elijah@example.net','2020-01-06 20:36:47','$2y$10$xr93PolGsv3j9X4dyiffJ.yvDKiZvgvL00ld2a4eMiY3kPqmb2Wp2','BatbB60Yr6','1',NULL,'true','2020-01-06 20:36:47','2020-01-06 20:36:47'),(90,'Dr. Hettie Lowe DVM','tate.macejkovic@example.org','2020-01-06 20:36:47','$2y$10$xr93PolGsv3j9X4dyiffJ.yvDKiZvgvL00ld2a4eMiY3kPqmb2Wp2','eOF4RfOjqD','0','6WdTYtup8aw8RRQbxGxcCAI6Bre7JgdgX0gs4bQe','false','2020-01-06 20:36:47','2020-01-06 20:36:47'),(91,'Prof. Savanna Weissnat V','luettgen.adriana@example.net','2020-01-06 20:36:47','$2y$10$xr93PolGsv3j9X4dyiffJ.yvDKiZvgvL00ld2a4eMiY3kPqmb2Wp2','xNj57kHxI2','0','raejRQSUfx8kcaOWKULtDOQDDliuYyHF44xEqFHA','false','2020-01-06 20:36:47','2020-01-06 20:36:47'),(92,'Roberto Hyatt','merl.beatty@example.net','2020-01-06 20:36:47','$2y$10$xr93PolGsv3j9X4dyiffJ.yvDKiZvgvL00ld2a4eMiY3kPqmb2Wp2','jgXsMjoYTB','0','o4n7mUJFNiBVSAA7KJuXgHDb1BN2uva6cinDE9aD','false','2020-01-06 20:36:47','2020-01-06 20:36:47'),(93,'Kennedy Johnson','ibrahim57@example.net','2020-01-06 20:36:47','$2y$10$xr93PolGsv3j9X4dyiffJ.yvDKiZvgvL00ld2a4eMiY3kPqmb2Wp2','Z0zFMbledU','0','aGeqZBeZQr00rL1AecSK2lko4Tn0x9CyIuvbpf8G','false','2020-01-06 20:36:47','2020-01-06 20:36:47'),(94,'Everett Volkman','ejacobs@example.com','2020-01-06 20:36:47','$2y$10$xr93PolGsv3j9X4dyiffJ.yvDKiZvgvL00ld2a4eMiY3kPqmb2Wp2','DZcwqvFjuT','1',NULL,'true','2020-01-06 20:36:47','2020-01-06 20:36:47'),(95,'Amber Lesch','runolfsson.warren@example.net','2020-01-06 20:36:47','$2y$10$xr93PolGsv3j9X4dyiffJ.yvDKiZvgvL00ld2a4eMiY3kPqmb2Wp2','3rcIxOLIJJ','0','bF2hZegOGfjsCxAR7Om5KIZsxZ6iufU3tX9q51yO','true','2020-01-06 20:36:47','2020-01-06 20:36:47'),(96,'Florian Dibbert','chase11@example.com','2020-01-06 20:36:47','$2y$10$xr93PolGsv3j9X4dyiffJ.yvDKiZvgvL00ld2a4eMiY3kPqmb2Wp2','xkJXDFADWY','1',NULL,'false','2020-01-06 20:36:47','2020-01-06 20:36:47'),(97,'Dayne Larkin','else.rau@example.org','2020-01-06 20:36:47','$2y$10$xr93PolGsv3j9X4dyiffJ.yvDKiZvgvL00ld2a4eMiY3kPqmb2Wp2','9JbEql2zzB','0','FArLGMT8ujlt7S5yQNPDbmP043Rk49yvJ59u2DJT','true','2020-01-06 20:36:47','2020-01-06 20:36:47'),(98,'Guillermo Boehm','aniyah64@example.org','2020-01-06 20:36:47','$2y$10$xr93PolGsv3j9X4dyiffJ.yvDKiZvgvL00ld2a4eMiY3kPqmb2Wp2','5SxFGRU6QF','1',NULL,'false','2020-01-06 20:36:47','2020-01-06 20:36:47'),(99,'Noemy Walker','zboncak.nicholaus@example.com','2020-01-06 20:36:47','$2y$10$xr93PolGsv3j9X4dyiffJ.yvDKiZvgvL00ld2a4eMiY3kPqmb2Wp2','M0ySbRp8C1','1',NULL,'false','2020-01-06 20:36:47','2020-01-06 20:36:47'),(100,'Ruthe Will','zboncak.scarlett@example.org','2020-01-06 20:36:47','$2y$10$xr93PolGsv3j9X4dyiffJ.yvDKiZvgvL00ld2a4eMiY3kPqmb2Wp2','DGQi02M5mC','1',NULL,'false','2020-01-06 20:36:47','2020-01-06 20:36:47'),(101,'Madilyn Price','maeve95@example.org','2020-01-06 20:36:47','$2y$10$xr93PolGsv3j9X4dyiffJ.yvDKiZvgvL00ld2a4eMiY3kPqmb2Wp2','lAboOt7r3n','1',NULL,'true','2020-01-06 20:36:47','2020-01-06 20:36:47'),(102,'Antonetta Koelpin V','wisoky.salvador@example.org','2020-01-06 20:36:47','$2y$10$xr93PolGsv3j9X4dyiffJ.yvDKiZvgvL00ld2a4eMiY3kPqmb2Wp2','FwxWmzIOn5','1',NULL,'true','2020-01-06 20:36:47','2020-01-06 20:36:47'),(103,'Dr. Derrick Beier','jacynthe94@example.org','2020-01-06 20:36:47','$2y$10$xr93PolGsv3j9X4dyiffJ.yvDKiZvgvL00ld2a4eMiY3kPqmb2Wp2','8QonUCLcUL','1',NULL,'true','2020-01-06 20:36:48','2020-01-06 20:36:48'),(104,'Kenna Jerde DDS','jarrod.wilkinson@example.org','2020-01-06 20:36:47','$2y$10$xr93PolGsv3j9X4dyiffJ.yvDKiZvgvL00ld2a4eMiY3kPqmb2Wp2','MHzwP333W5','1',NULL,'true','2020-01-06 20:36:48','2020-01-06 20:36:48'),(105,'Prof. Edgardo Bashirian','hwunsch@example.net','2020-01-06 20:36:47','$2y$10$xr93PolGsv3j9X4dyiffJ.yvDKiZvgvL00ld2a4eMiY3kPqmb2Wp2','bw8Gx1VGv0','1',NULL,'false','2020-01-06 20:36:48','2020-01-06 20:36:48'),(106,'Claire Quigley DVM','boyer.rhea@example.org','2020-01-06 20:36:47','$2y$10$xr93PolGsv3j9X4dyiffJ.yvDKiZvgvL00ld2a4eMiY3kPqmb2Wp2','YocRGmuHZn','0','UYxlRZzJompxDMycWZgywchGd9D00frYgKt2Y8Wi','false','2020-01-06 20:36:48','2020-01-06 20:36:48'),(107,'Prof. Mayra Witting','oconnell.maryjane@example.com','2020-01-06 20:36:47','$2y$10$xr93PolGsv3j9X4dyiffJ.yvDKiZvgvL00ld2a4eMiY3kPqmb2Wp2','ABjyHqn7ti','0','UltkvXafinpAd0d4h0bwykTVOC0erx03ENyptGuH','true','2020-01-06 20:36:48','2020-01-06 20:36:48'),(108,'Janiya Bahringer','lucy22@example.org','2020-01-06 20:36:47','$2y$10$xr93PolGsv3j9X4dyiffJ.yvDKiZvgvL00ld2a4eMiY3kPqmb2Wp2','BZIyjGdrlY','0','tCLNVEa3O97aTusit9PR3TniL7Wezc9f3j4TnNg6','true','2020-01-06 20:36:48','2020-01-06 20:36:48'),(109,'Trenton Hoeger PhD','ecruickshank@example.com','2020-01-06 20:36:47','$2y$10$xr93PolGsv3j9X4dyiffJ.yvDKiZvgvL00ld2a4eMiY3kPqmb2Wp2','b0NobBh29Y','1',NULL,'true','2020-01-06 20:36:48','2020-01-06 20:36:48'),(110,'Maritza Jakubowski','wbartoletti@example.net','2020-01-06 20:36:47','$2y$10$xr93PolGsv3j9X4dyiffJ.yvDKiZvgvL00ld2a4eMiY3kPqmb2Wp2','37pyPsPcvT','0','XGmdPXjyNGcqiU7Qvu7GAOpOSrVZAYdAscsbAyd8','true','2020-01-06 20:36:48','2020-01-06 20:36:48'),(111,'Heber Ullrich','ukunze@example.net','2020-01-06 20:36:47','$2y$10$xr93PolGsv3j9X4dyiffJ.yvDKiZvgvL00ld2a4eMiY3kPqmb2Wp2','NSNSUtS2Mk','1',NULL,'false','2020-01-06 20:36:48','2020-01-06 20:36:48'),(112,'Magnus Bogan','nicolas.darlene@example.net','2020-01-06 20:36:47','$2y$10$xr93PolGsv3j9X4dyiffJ.yvDKiZvgvL00ld2a4eMiY3kPqmb2Wp2','ZISLT94jRL','1',NULL,'false','2020-01-06 20:36:48','2020-01-06 20:36:48'),(113,'Dr. Reggie Hauck II','sporer.kianna@example.com','2020-01-06 20:36:47','$2y$10$xr93PolGsv3j9X4dyiffJ.yvDKiZvgvL00ld2a4eMiY3kPqmb2Wp2','xFOR2cdovz','1',NULL,'true','2020-01-06 20:36:48','2020-01-06 20:36:48'),(114,'Dr. Michelle Daugherty','gbeer@example.net','2020-01-06 20:36:47','$2y$10$xr93PolGsv3j9X4dyiffJ.yvDKiZvgvL00ld2a4eMiY3kPqmb2Wp2','M02C3kYksf','0','aeYS46Dag74MbbS8FDzN5qHQo4Rhb6kzmI9TV5Of','false','2020-01-06 20:36:48','2020-01-06 20:36:48'),(115,'Carlo Adams','prosacco.michael@example.com','2020-01-06 20:36:47','$2y$10$xr93PolGsv3j9X4dyiffJ.yvDKiZvgvL00ld2a4eMiY3kPqmb2Wp2','a8KQQrhvTB','0','M16oc3HystcgJGzH0rFH0qdtJ4anhFfruuBvT31s','false','2020-01-06 20:36:48','2020-01-06 20:36:48'),(116,'Lourdes Crooks MD','witting.zechariah@example.org','2020-01-06 20:36:47','$2y$10$xr93PolGsv3j9X4dyiffJ.yvDKiZvgvL00ld2a4eMiY3kPqmb2Wp2','3SU2kOq024','1',NULL,'false','2020-01-06 20:36:48','2020-01-06 20:36:48'),(117,'Sidney Koepp V','philip90@example.org','2020-01-06 20:36:47','$2y$10$xr93PolGsv3j9X4dyiffJ.yvDKiZvgvL00ld2a4eMiY3kPqmb2Wp2','aEIZPWSQ8M','1',NULL,'true','2020-01-06 20:36:48','2020-01-06 20:36:48'),(118,'Prof. Alba Upton','valerie91@example.org','2020-01-06 20:36:47','$2y$10$xr93PolGsv3j9X4dyiffJ.yvDKiZvgvL00ld2a4eMiY3kPqmb2Wp2','8Bfcn1q3Vz','0','UbeiGwD3VZlrUhSWA3pVa00SNmRiEPe8XWS4Itp3','true','2020-01-06 20:36:48','2020-01-06 20:36:48'),(119,'Mrs. Kitty Bechtelar Sr.','marvin.wanda@example.com','2020-01-06 20:36:47','$2y$10$xr93PolGsv3j9X4dyiffJ.yvDKiZvgvL00ld2a4eMiY3kPqmb2Wp2','5VaKIBk39u','1',NULL,'true','2020-01-06 20:36:48','2020-01-06 20:36:48'),(120,'Jaqueline Sanford','ckshlerin@example.org','2020-01-06 20:36:47','$2y$10$xr93PolGsv3j9X4dyiffJ.yvDKiZvgvL00ld2a4eMiY3kPqmb2Wp2','RKeZudQQAT','0','BrQWraMga8fSvvdy3cpuMZzEZCxDAZNDaNVoEU5g','true','2020-01-06 20:36:48','2020-01-06 20:36:48'),(121,'Kaitlin Ruecker DVM','elaina36@example.org','2020-01-06 20:36:47','$2y$10$xr93PolGsv3j9X4dyiffJ.yvDKiZvgvL00ld2a4eMiY3kPqmb2Wp2','JqqGRj2zEz','1',NULL,'true','2020-01-06 20:36:48','2020-01-06 20:36:48'),(122,'Martin Schiller','schmidt.crystal@example.com','2020-01-06 20:36:47','$2y$10$xr93PolGsv3j9X4dyiffJ.yvDKiZvgvL00ld2a4eMiY3kPqmb2Wp2','db2HCzgLTn','1',NULL,'true','2020-01-06 20:36:48','2020-01-06 20:36:48'),(123,'Eldon Runolfsson','adams.alfonso@example.org','2020-01-06 20:36:47','$2y$10$xr93PolGsv3j9X4dyiffJ.yvDKiZvgvL00ld2a4eMiY3kPqmb2Wp2','7UHyjBBdOL','1',NULL,'true','2020-01-06 20:36:48','2020-01-06 20:36:48'),(124,'Prof. Caitlyn Kirlin','xhegmann@example.org','2020-01-06 20:36:47','$2y$10$xr93PolGsv3j9X4dyiffJ.yvDKiZvgvL00ld2a4eMiY3kPqmb2Wp2','6uOgBPglOZ','0','7k6K5cmOfnfgPVR3WhwYZUHFTpYOiwRJRoWVHdy3','false','2020-01-06 20:36:48','2020-01-06 20:36:48'),(125,'Kennedy Wilderman','darion.murazik@example.com','2020-01-06 20:36:47','$2y$10$xr93PolGsv3j9X4dyiffJ.yvDKiZvgvL00ld2a4eMiY3kPqmb2Wp2','ZhfBm0evwc','0','coNTJQpV3HkhkH3ydpnAHl2mYcmYuECAfJwGjMRO','true','2020-01-06 20:36:48','2020-01-06 20:36:48'),(126,'Chloe Abernathy','wpfannerstill@example.org','2020-01-06 20:36:47','$2y$10$xr93PolGsv3j9X4dyiffJ.yvDKiZvgvL00ld2a4eMiY3kPqmb2Wp2','lXLrc7bfSa','1',NULL,'false','2020-01-06 20:36:48','2020-01-06 20:36:48'),(127,'Alba Muller','schinner.alana@example.org','2020-01-06 20:36:47','$2y$10$xr93PolGsv3j9X4dyiffJ.yvDKiZvgvL00ld2a4eMiY3kPqmb2Wp2','YUFiBoP1yk','1',NULL,'true','2020-01-06 20:36:48','2020-01-06 20:36:48'),(128,'Demarco Ullrich','ariel.kutch@example.net','2020-01-06 20:36:47','$2y$10$xr93PolGsv3j9X4dyiffJ.yvDKiZvgvL00ld2a4eMiY3kPqmb2Wp2','CU2WLvcF4f','0','u6TGUdG3GsX8ccYcQXx9cIXHQ0rqOebUXtJfspii','false','2020-01-06 20:36:48','2020-01-06 20:36:48'),(129,'Lamont Volkman','erna.schulist@example.org','2020-01-06 20:36:47','$2y$10$xr93PolGsv3j9X4dyiffJ.yvDKiZvgvL00ld2a4eMiY3kPqmb2Wp2','U48rjkUri9','0','qbR2ynKkBldrs404CdLeNhvWEdNRIrM92hv1F0d3','false','2020-01-06 20:36:48','2020-01-06 20:36:48'),(130,'Prof. Schuyler West IV','yazmin.streich@example.org','2020-01-06 20:36:47','$2y$10$xr93PolGsv3j9X4dyiffJ.yvDKiZvgvL00ld2a4eMiY3kPqmb2Wp2','AFDHGCTJNe','1',NULL,'true','2020-01-06 20:36:48','2020-01-06 20:36:48'),(131,'Cali Heidenreich DDS','darrick74@example.com','2020-01-06 20:36:47','$2y$10$xr93PolGsv3j9X4dyiffJ.yvDKiZvgvL00ld2a4eMiY3kPqmb2Wp2','y7YnN5HQRM','1',NULL,'true','2020-01-06 20:36:48','2020-01-06 20:36:48'),(132,'Faustino Wisozk','stacey.ebert@example.org','2020-01-06 20:36:47','$2y$10$xr93PolGsv3j9X4dyiffJ.yvDKiZvgvL00ld2a4eMiY3kPqmb2Wp2','ynm8NkDUwr','1',NULL,'true','2020-01-06 20:36:48','2020-01-06 20:36:48'),(133,'Joelle Will','keara69@example.net','2020-01-06 20:36:47','$2y$10$xr93PolGsv3j9X4dyiffJ.yvDKiZvgvL00ld2a4eMiY3kPqmb2Wp2','Ctw5XrL1a5','1',NULL,'true','2020-01-06 20:36:48','2020-01-06 20:36:48'),(134,'Garrett Dach','qlehner@example.org','2020-01-06 20:36:47','$2y$10$xr93PolGsv3j9X4dyiffJ.yvDKiZvgvL00ld2a4eMiY3kPqmb2Wp2','vAzquaQac8','0','kOUyqg3GBES8yel8euz78CorTL4OGgef5Mut8R8m','false','2020-01-06 20:36:48','2020-01-06 20:36:48'),(135,'Michele Murray','zena40@example.com','2020-01-06 20:36:47','$2y$10$xr93PolGsv3j9X4dyiffJ.yvDKiZvgvL00ld2a4eMiY3kPqmb2Wp2','NMe4mFqQIu','0','vfLwQ0AmNnmbdF89pma5mXTvg0mbnh3R0taG6M1C','true','2020-01-06 20:36:48','2020-01-06 20:36:48'),(136,'Dr. Jodie Metz DDS','jarvis12@example.com','2020-01-06 20:36:47','$2y$10$xr93PolGsv3j9X4dyiffJ.yvDKiZvgvL00ld2a4eMiY3kPqmb2Wp2','Pqhlx4imL8','0','hosynnU6phHsLnWpwH6z0TYl2QUA9dIUKvqYyicC','false','2020-01-06 20:36:48','2020-01-06 20:36:48'),(137,'Dr. Delilah Satterfield','ludwig.borer@example.net','2020-01-06 20:36:47','$2y$10$xr93PolGsv3j9X4dyiffJ.yvDKiZvgvL00ld2a4eMiY3kPqmb2Wp2','51vBUQtGYb','1',NULL,'true','2020-01-06 20:36:48','2020-01-06 20:36:48'),(138,'Eusebio Nikolaus','idell.smitham@example.net','2020-01-06 20:36:47','$2y$10$xr93PolGsv3j9X4dyiffJ.yvDKiZvgvL00ld2a4eMiY3kPqmb2Wp2','7tXPUyp9Xy','1',NULL,'false','2020-01-06 20:36:48','2020-01-06 20:36:48'),(139,'Eric Lebsack','hilbert.mohr@example.net','2020-01-06 20:36:47','$2y$10$xr93PolGsv3j9X4dyiffJ.yvDKiZvgvL00ld2a4eMiY3kPqmb2Wp2','HLiHG7JHio','1',NULL,'true','2020-01-06 20:36:48','2020-01-06 20:36:48'),(140,'Harvey Wilkinson','ometz@example.net','2020-01-06 20:36:47','$2y$10$xr93PolGsv3j9X4dyiffJ.yvDKiZvgvL00ld2a4eMiY3kPqmb2Wp2','IFPXM22F2M','0','vEVdU5Z42TAtxYLP381hd4mcWycsdMwkj0WbxW0f','false','2020-01-06 20:36:48','2020-01-06 20:36:48'),(141,'Asia Lesch I','melissa96@example.com','2020-01-06 20:36:47','$2y$10$xr93PolGsv3j9X4dyiffJ.yvDKiZvgvL00ld2a4eMiY3kPqmb2Wp2','fAhq0bNMCr','0','XLbd0iC8MgIggONvN3Wm9Ss4iUPyMuXYwiXnHZAH','true','2020-01-06 20:36:48','2020-01-06 20:36:48'),(142,'Charlotte Ziemann','alisa65@example.com','2020-01-06 20:36:47','$2y$10$xr93PolGsv3j9X4dyiffJ.yvDKiZvgvL00ld2a4eMiY3kPqmb2Wp2','D8IvnkqeHK','1',NULL,'false','2020-01-06 20:36:48','2020-01-06 20:36:48'),(143,'Giovanni Parker','urempel@example.org','2020-01-06 20:36:47','$2y$10$xr93PolGsv3j9X4dyiffJ.yvDKiZvgvL00ld2a4eMiY3kPqmb2Wp2','KDaFAroZTr','0','tfF88SgR7CbkxQtRKrj1qyG0M9HpTASx0GdtpAED','true','2020-01-06 20:36:48','2020-01-06 20:36:48'),(144,'Carlotta Dach','omari.leuschke@example.net','2020-01-06 20:36:47','$2y$10$xr93PolGsv3j9X4dyiffJ.yvDKiZvgvL00ld2a4eMiY3kPqmb2Wp2','sXPZGNZggy','0','Dhif24zp3qnXAnEh89rizUaII19AuvQm2yE8I1bH','false','2020-01-06 20:36:48','2020-01-06 20:36:48'),(145,'Rey Leuschke MD','margie.zboncak@example.net','2020-01-06 20:36:47','$2y$10$xr93PolGsv3j9X4dyiffJ.yvDKiZvgvL00ld2a4eMiY3kPqmb2Wp2','iXbSD4CmZ9','1',NULL,'false','2020-01-06 20:36:48','2020-01-06 20:36:48'),(146,'Alanis Volkman V','khegmann@example.net','2020-01-06 20:36:47','$2y$10$xr93PolGsv3j9X4dyiffJ.yvDKiZvgvL00ld2a4eMiY3kPqmb2Wp2','aM1QxneL5W','0','y5qwy3zxmtQcgIgV5cs2TOn58iQ3dw5b0lKZGqmI','false','2020-01-06 20:36:48','2020-01-06 20:36:48'),(147,'Damaris Harris','feil.kory@example.net','2020-01-06 20:36:47','$2y$10$xr93PolGsv3j9X4dyiffJ.yvDKiZvgvL00ld2a4eMiY3kPqmb2Wp2','Jftk4q3cdd','1',NULL,'false','2020-01-06 20:36:48','2020-01-06 20:36:48'),(148,'Lottie Fritsch','yost.alysson@example.com','2020-01-06 20:36:47','$2y$10$xr93PolGsv3j9X4dyiffJ.yvDKiZvgvL00ld2a4eMiY3kPqmb2Wp2','hahiQScJZE','0','x8Yw8rG3Ykelh0q8XD2T8ytOaQQbiMvGTzhJhYNp','true','2020-01-06 20:36:48','2020-01-06 20:36:48'),(149,'Ernie Kihn','makayla45@example.com','2020-01-06 20:36:47','$2y$10$xr93PolGsv3j9X4dyiffJ.yvDKiZvgvL00ld2a4eMiY3kPqmb2Wp2','sZ37YBpHyt','1',NULL,'true','2020-01-06 20:36:48','2020-01-06 20:36:48'),(150,'Prof. Cortez Jenkins','wilburn.nitzsche@example.org','2020-01-06 20:36:47','$2y$10$xr93PolGsv3j9X4dyiffJ.yvDKiZvgvL00ld2a4eMiY3kPqmb2Wp2','bniUlrrbwo','1',NULL,'false','2020-01-06 20:36:48','2020-01-06 20:36:48'),(151,'Katelynn Runolfsson','nicholaus.goldner@example.com','2020-01-06 20:36:47','$2y$10$xr93PolGsv3j9X4dyiffJ.yvDKiZvgvL00ld2a4eMiY3kPqmb2Wp2','romnmiMSwB','1',NULL,'true','2020-01-06 20:36:48','2020-01-06 20:36:48'),(152,'Dr. Tara Harber','ldare@example.com','2020-01-06 20:36:47','$2y$10$xr93PolGsv3j9X4dyiffJ.yvDKiZvgvL00ld2a4eMiY3kPqmb2Wp2','rxux7FjLKi','1',NULL,'false','2020-01-06 20:36:48','2020-01-06 20:36:48'),(153,'Edyth Ebert PhD','hmoore@example.com','2020-01-06 20:36:47','$2y$10$xr93PolGsv3j9X4dyiffJ.yvDKiZvgvL00ld2a4eMiY3kPqmb2Wp2','Yf2klbYICa','0','QpAl8fWTi1oo8wT5uzcfKsKRLiLGHlUOE197SPpr','true','2020-01-06 20:36:48','2020-01-06 20:36:48'),(154,'Dr. Marjolaine Ruecker Jr.','wdooley@example.org','2020-01-06 20:36:47','$2y$10$xr93PolGsv3j9X4dyiffJ.yvDKiZvgvL00ld2a4eMiY3kPqmb2Wp2','pEZ4ijlQK5','0','Oh5hnVB5lOfQRiRGqmTJxo4CId45OxHOMMF3HrNO','true','2020-01-06 20:36:48','2020-01-06 20:36:48'),(155,'Marguerite Kshlerin','lemke.lily@example.com','2020-01-06 20:36:47','$2y$10$xr93PolGsv3j9X4dyiffJ.yvDKiZvgvL00ld2a4eMiY3kPqmb2Wp2','Di5ORHNzAp','1',NULL,'true','2020-01-06 20:36:48','2020-01-06 20:36:48'),(156,'Ryan Adams','kboehm@example.org','2020-01-06 20:36:47','$2y$10$xr93PolGsv3j9X4dyiffJ.yvDKiZvgvL00ld2a4eMiY3kPqmb2Wp2','UnPQPJydHD','1',NULL,'false','2020-01-06 20:36:48','2020-01-06 20:36:48'),(157,'Dr. Owen Wiza','hassie06@example.com','2020-01-06 20:36:47','$2y$10$xr93PolGsv3j9X4dyiffJ.yvDKiZvgvL00ld2a4eMiY3kPqmb2Wp2','Edr7zGGBw0','1',NULL,'false','2020-01-06 20:36:48','2020-01-06 20:36:48'),(158,'Jane Gleason','chanelle.hyatt@example.net','2020-01-06 20:36:47','$2y$10$xr93PolGsv3j9X4dyiffJ.yvDKiZvgvL00ld2a4eMiY3kPqmb2Wp2','eI1CsyKHJX','0','ZNIPa42Shnmm9QaQN8AizKG0kzN2j9V0JC9V1v3A','true','2020-01-06 20:36:48','2020-01-06 20:36:48'),(159,'Kacie Considine','glang@example.net','2020-01-06 20:36:47','$2y$10$xr93PolGsv3j9X4dyiffJ.yvDKiZvgvL00ld2a4eMiY3kPqmb2Wp2','fwTr7u7mvr','0','7213Ukv5Ivr2SxOVMTQenODdpcJ1doiR30073qav','true','2020-01-06 20:36:48','2020-01-06 20:36:48'),(160,'Jeff Gibson V','nicklaus82@example.org','2020-01-06 20:36:47','$2y$10$xr93PolGsv3j9X4dyiffJ.yvDKiZvgvL00ld2a4eMiY3kPqmb2Wp2','jsipNW1Agn','0','cULY3mnm56jbA0DSj2onl70aLy3guq2ZcfrMgKh5','true','2020-01-06 20:36:48','2020-01-06 20:36:48'),(161,'Willis Lang','liliane.murazik@example.org','2020-01-06 20:36:47','$2y$10$xr93PolGsv3j9X4dyiffJ.yvDKiZvgvL00ld2a4eMiY3kPqmb2Wp2','QuXxCcAHDv','0','GSwCkncewISxjRxwXo8kfFbtxETGO3Tc10tPPgvc','true','2020-01-06 20:36:48','2020-01-06 20:36:48'),(162,'Carissa Kunze','cassin.jackeline@example.com','2020-01-06 20:36:47','$2y$10$xr93PolGsv3j9X4dyiffJ.yvDKiZvgvL00ld2a4eMiY3kPqmb2Wp2','tUl6DGn8JI','1',NULL,'true','2020-01-06 20:36:48','2020-01-06 20:36:48'),(163,'Prof. Keshaun Emmerich','emil06@example.org','2020-01-06 20:36:47','$2y$10$xr93PolGsv3j9X4dyiffJ.yvDKiZvgvL00ld2a4eMiY3kPqmb2Wp2','As7fCLxG9x','1',NULL,'true','2020-01-06 20:36:48','2020-01-06 20:36:48'),(164,'Earl King','ndaniel@example.org','2020-01-06 20:36:47','$2y$10$xr93PolGsv3j9X4dyiffJ.yvDKiZvgvL00ld2a4eMiY3kPqmb2Wp2','lNM8oxRq3L','1',NULL,'false','2020-01-06 20:36:48','2020-01-06 20:36:48'),(165,'Evans Beier','garfield55@example.com','2020-01-06 20:36:47','$2y$10$xr93PolGsv3j9X4dyiffJ.yvDKiZvgvL00ld2a4eMiY3kPqmb2Wp2','BTM3fTC0KC','0','ts8cnFuT9m1DIDGRsM6rrYX42ShuDejZYvTIniLv','false','2020-01-06 20:36:48','2020-01-06 20:36:48'),(166,'Dawson Rosenbaum','kfritsch@example.com','2020-01-06 20:36:47','$2y$10$xr93PolGsv3j9X4dyiffJ.yvDKiZvgvL00ld2a4eMiY3kPqmb2Wp2','FH6t8PT6RT','0','9mcR8ElwzrRa36tbehRYgQj7Xrm2v7p5XdUFXYXU','false','2020-01-06 20:36:48','2020-01-06 20:36:48'),(167,'Hans Aufderhar','hwatsica@example.org','2020-01-06 20:36:47','$2y$10$xr93PolGsv3j9X4dyiffJ.yvDKiZvgvL00ld2a4eMiY3kPqmb2Wp2','c2KjQhAkzx','1',NULL,'true','2020-01-06 20:36:48','2020-01-06 20:36:48'),(168,'Kelvin Nienow','jennie.conroy@example.net','2020-01-06 20:36:47','$2y$10$xr93PolGsv3j9X4dyiffJ.yvDKiZvgvL00ld2a4eMiY3kPqmb2Wp2','dnVwosBAyj','0','EfXaefMQ32BXBxc1WttGia78TpQsZ3Ij3SLgNcrW','false','2020-01-06 20:36:48','2020-01-06 20:36:48'),(169,'Minnie Pfannerstill','joy97@example.com','2020-01-06 20:36:47','$2y$10$xr93PolGsv3j9X4dyiffJ.yvDKiZvgvL00ld2a4eMiY3kPqmb2Wp2','UUqSoFOMsG','1',NULL,'true','2020-01-06 20:36:48','2020-01-06 20:36:48'),(170,'Dr. Jefferey Prohaska','gharvey@example.com','2020-01-06 20:36:47','$2y$10$xr93PolGsv3j9X4dyiffJ.yvDKiZvgvL00ld2a4eMiY3kPqmb2Wp2','M1ltIPSaqH','0','KzjeBAPtEPu0raiQcLSOuZVrmKDNh8GbfhoPh3Nq','false','2020-01-06 20:36:48','2020-01-06 20:36:48'),(171,'Freida Lockman','zskiles@example.com','2020-01-06 20:36:47','$2y$10$xr93PolGsv3j9X4dyiffJ.yvDKiZvgvL00ld2a4eMiY3kPqmb2Wp2','967r5OWztc','0','FeXqLDBEcziG580TKMLd0vhFFi4xu14dRUkv3WMK','true','2020-01-06 20:36:48','2020-01-06 20:36:48'),(172,'Maiya Adams Sr.','frieda68@example.org','2020-01-06 20:36:47','$2y$10$xr93PolGsv3j9X4dyiffJ.yvDKiZvgvL00ld2a4eMiY3kPqmb2Wp2','JiLr7D8VzZ','1',NULL,'false','2020-01-06 20:36:48','2020-01-06 20:36:48'),(173,'Prof. Marielle Oberbrunner I','zieme.meda@example.com','2020-01-06 20:36:47','$2y$10$xr93PolGsv3j9X4dyiffJ.yvDKiZvgvL00ld2a4eMiY3kPqmb2Wp2','nfwow90KvD','1',NULL,'false','2020-01-06 20:36:48','2020-01-06 20:36:48'),(174,'Lukas Kessler','cdubuque@example.com','2020-01-06 20:36:47','$2y$10$xr93PolGsv3j9X4dyiffJ.yvDKiZvgvL00ld2a4eMiY3kPqmb2Wp2','ZyQEbBUOdI','1',NULL,'false','2020-01-06 20:36:48','2020-01-06 20:36:48'),(175,'Phyllis Glover','evie.bode@example.net','2020-01-06 20:36:47','$2y$10$xr93PolGsv3j9X4dyiffJ.yvDKiZvgvL00ld2a4eMiY3kPqmb2Wp2','jKMj5UGPW2','1',NULL,'true','2020-01-06 20:36:48','2020-01-06 20:36:48'),(176,'Mr. Dayton Fadel','gardner81@example.com','2020-01-06 20:36:47','$2y$10$xr93PolGsv3j9X4dyiffJ.yvDKiZvgvL00ld2a4eMiY3kPqmb2Wp2','gxtgDSSJ8T','0','nJIaXaPFsRSw4tvqn3pzN0h7KR3uWcPldLwB9Kuj','false','2020-01-06 20:36:48','2020-01-06 20:36:48'),(177,'Katherine Donnelly','mosciski.wyman@example.net','2020-01-06 20:36:47','$2y$10$xr93PolGsv3j9X4dyiffJ.yvDKiZvgvL00ld2a4eMiY3kPqmb2Wp2','xvLeed7L43','0','PFfpgsBiO18giM62aYeXsru8pZI49S3FAqpFRimU','false','2020-01-06 20:36:48','2020-01-06 20:36:48'),(178,'Mrs. Robyn Bruen','douglas.margot@example.org','2020-01-06 20:36:47','$2y$10$xr93PolGsv3j9X4dyiffJ.yvDKiZvgvL00ld2a4eMiY3kPqmb2Wp2','od9efAzzZN','1',NULL,'true','2020-01-06 20:36:48','2020-01-06 20:36:48'),(179,'Zora Turner','misael.franecki@example.com','2020-01-06 20:36:47','$2y$10$xr93PolGsv3j9X4dyiffJ.yvDKiZvgvL00ld2a4eMiY3kPqmb2Wp2','ln5730m8K5','1',NULL,'true','2020-01-06 20:36:48','2020-01-06 20:36:48'),(180,'Nicole Zboncak','juston63@example.net','2020-01-06 20:36:47','$2y$10$xr93PolGsv3j9X4dyiffJ.yvDKiZvgvL00ld2a4eMiY3kPqmb2Wp2','pdppNLcGog','0','U6PA7Na3cq7VywKFb0f7vMF10o3WFm1d3Eur1vkH','true','2020-01-06 20:36:48','2020-01-06 20:36:48'),(181,'Mr. Leonard Nitzsche','berenice41@example.com','2020-01-06 20:36:47','$2y$10$xr93PolGsv3j9X4dyiffJ.yvDKiZvgvL00ld2a4eMiY3kPqmb2Wp2','zYvotQNTBQ','1',NULL,'false','2020-01-06 20:36:48','2020-01-06 20:36:48'),(182,'Felicia Kessler','opfannerstill@example.org','2020-01-06 20:36:47','$2y$10$xr93PolGsv3j9X4dyiffJ.yvDKiZvgvL00ld2a4eMiY3kPqmb2Wp2','XH079eyWND','1',NULL,'false','2020-01-06 20:36:48','2020-01-06 20:36:48'),(183,'Melyna Dickinson','uhill@example.com','2020-01-06 20:36:47','$2y$10$xr93PolGsv3j9X4dyiffJ.yvDKiZvgvL00ld2a4eMiY3kPqmb2Wp2','g60i82yEb6','1',NULL,'false','2020-01-06 20:36:48','2020-01-06 20:36:48'),(184,'Alex Kemmer','mtoy@example.org','2020-01-06 20:36:47','$2y$10$xr93PolGsv3j9X4dyiffJ.yvDKiZvgvL00ld2a4eMiY3kPqmb2Wp2','Jp9AxR3fls','1',NULL,'true','2020-01-06 20:36:48','2020-01-06 20:36:48'),(185,'Arjun Hermann','jazmyn25@example.com','2020-01-06 20:36:47','$2y$10$xr93PolGsv3j9X4dyiffJ.yvDKiZvgvL00ld2a4eMiY3kPqmb2Wp2','1ieOhqivlH','0','ZtM49B7SYDzayG7ZOtSTuqTiDiXVk58s2hg2aqCl','false','2020-01-06 20:36:48','2020-01-06 20:36:48'),(186,'Jessy Kassulke','boehm.nelson@example.net','2020-01-06 20:36:47','$2y$10$xr93PolGsv3j9X4dyiffJ.yvDKiZvgvL00ld2a4eMiY3kPqmb2Wp2','Klp66HXocu','1',NULL,'true','2020-01-06 20:36:48','2020-01-06 20:36:48'),(187,'Tamia Christiansen III','tre17@example.net','2020-01-06 20:36:47','$2y$10$xr93PolGsv3j9X4dyiffJ.yvDKiZvgvL00ld2a4eMiY3kPqmb2Wp2','mdodfQsip0','0','Z1qN6MfFnskNdIoKNACcF22SFDUNSjaEmAiGb7M5','false','2020-01-06 20:36:48','2020-01-06 20:36:48'),(188,'Dr. Raul Feil','dweimann@example.com','2020-01-06 20:36:47','$2y$10$xr93PolGsv3j9X4dyiffJ.yvDKiZvgvL00ld2a4eMiY3kPqmb2Wp2','I9AmkGhpX3','0','4LBNr5AZCiqbGOzXTuHXlabODGsncZ1hLBzV4lXW','true','2020-01-06 20:36:48','2020-01-06 20:36:48'),(189,'Dr. Pink Blanda','rleannon@example.org','2020-01-06 20:36:47','$2y$10$xr93PolGsv3j9X4dyiffJ.yvDKiZvgvL00ld2a4eMiY3kPqmb2Wp2','at9maG6iJZ','1',NULL,'true','2020-01-06 20:36:48','2020-01-06 20:36:48'),(190,'Prof. Cielo Lesch','vicenta.brown@example.org','2020-01-06 20:36:47','$2y$10$xr93PolGsv3j9X4dyiffJ.yvDKiZvgvL00ld2a4eMiY3kPqmb2Wp2','lNNrRvKPkO','1',NULL,'false','2020-01-06 20:36:48','2020-01-06 20:36:48'),(191,'Mrs. Aleen Blanda','phessel@example.com','2020-01-06 20:36:47','$2y$10$xr93PolGsv3j9X4dyiffJ.yvDKiZvgvL00ld2a4eMiY3kPqmb2Wp2','mJC0ShDBYF','0','wL2eV2zhBza9RL5GERRAm7Gy2aq3Qxxks7ZR3EJO','true','2020-01-06 20:36:48','2020-01-06 20:36:48'),(192,'Prof. Lilyan Gleason MD','trunolfsson@example.net','2020-01-06 20:36:47','$2y$10$xr93PolGsv3j9X4dyiffJ.yvDKiZvgvL00ld2a4eMiY3kPqmb2Wp2','7xRXUYXhPd','1',NULL,'true','2020-01-06 20:36:48','2020-01-06 20:36:48'),(193,'Vida Nienow','loraine.stracke@example.com','2020-01-06 20:36:47','$2y$10$xr93PolGsv3j9X4dyiffJ.yvDKiZvgvL00ld2a4eMiY3kPqmb2Wp2','FP3mCMQrR4','1',NULL,'true','2020-01-06 20:36:48','2020-01-06 20:36:48'),(194,'Verner Glover','lubowitz.emil@example.net','2020-01-06 20:36:47','$2y$10$xr93PolGsv3j9X4dyiffJ.yvDKiZvgvL00ld2a4eMiY3kPqmb2Wp2','Zf5PD9K2xH','1',NULL,'true','2020-01-06 20:36:48','2020-01-06 20:36:48'),(195,'Amalia Willms','tstrosin@example.net','2020-01-06 20:36:47','$2y$10$xr93PolGsv3j9X4dyiffJ.yvDKiZvgvL00ld2a4eMiY3kPqmb2Wp2','mpHhEfXYk5','0','XMoDcR20JMlL7cxmW6nYyZpuyqCJHEbGuNY6F0YV','false','2020-01-06 20:36:48','2020-01-06 20:36:48'),(196,'Miss Larissa Hintz I','santina64@example.com','2020-01-06 20:36:47','$2y$10$xr93PolGsv3j9X4dyiffJ.yvDKiZvgvL00ld2a4eMiY3kPqmb2Wp2','W8QHq2HzBq','0','sxiTDqq92gezU2JroorDjVlDa39EYWZ8QKbqmlgI','false','2020-01-06 20:36:48','2020-01-06 20:36:48'),(197,'Lydia Abernathy','purdy.virginia@example.com','2020-01-06 20:36:47','$2y$10$xr93PolGsv3j9X4dyiffJ.yvDKiZvgvL00ld2a4eMiY3kPqmb2Wp2','1hN0bGkFSh','1',NULL,'false','2020-01-06 20:36:48','2020-01-06 20:36:48'),(198,'Mr. Esteban Purdy','hailie42@example.org','2020-01-06 20:36:47','$2y$10$xr93PolGsv3j9X4dyiffJ.yvDKiZvgvL00ld2a4eMiY3kPqmb2Wp2','V7RQT5rQG7','0','blu6qPYwLr4WqZ423w2wKTZgvT2mpYGXuKbF3ITV','true','2020-01-06 20:36:48','2020-01-06 20:36:48'),(199,'Laurie Muller Jr.','langosh.junior@example.net','2020-01-06 20:36:47','$2y$10$xr93PolGsv3j9X4dyiffJ.yvDKiZvgvL00ld2a4eMiY3kPqmb2Wp2','qfgJL8Yo9h','1',NULL,'true','2020-01-06 20:36:48','2020-01-06 20:36:48'),(201,'update','update@gmail.com',NULL,'$2y$10$ahq8uGlK0dGIUsjwJ75bbepALzCWaHWs6wT4qKA3fK7k2ZkSyEDvC',NULL,'0','2bwaC8veR0d8kUZDblzkg5xIxrOKZWj57AKIiSHd','false','2020-01-07 07:27:04','2020-01-07 14:36:54'),(202,'abcd','abcd1@gmail.com',NULL,'$2y$10$DQ9BGf55X1KQ3evHZfmOA.9K.NrIwTTWRrut75M99GVZKcQh1Vjca',NULL,'0','G6embBCBvcMxdXARgnLoXLMZtSeufyKlk5bCdhXV','false','2020-01-07 07:28:36','2020-01-07 07:28:36'),(203,'abcd','abcd2@gmail.com',NULL,'$2y$10$.w3U9/bqsTKLngtEMEQMLuZe1gdba71Tu4x1aeBVIkgiTJhBBMnyu',NULL,'0','JoKgkEEpWXu49mV4uX47qllv0O1Ubtei6NTHorjc','false','2020-01-07 07:29:20','2020-01-07 07:29:20'),(204,'abcd','abcd3@gmail.com',NULL,'$2y$10$ahxnS4ZHgOcYssd1Q6pnp.Jm9K6uHzM.Cj4HhkaYw/Ddt.WsqfBcq',NULL,'0','qZrz4zyygPyLUCnvnypv9oPBUymaHtMB2EF6lTpf','false','2020-01-07 07:31:31','2020-01-07 07:31:31'),(205,'abcd','abcd5@gmail.com',NULL,'$2y$10$KpOt9JPwtzhp8gK/VfAa5uKTId6wOY/cbPsMWEWIdOXeTlMj7UjLu',NULL,'0','UXP22f87tkntxna23vftPWNAmO8O2M2lHVtJZ2Rb','false','2020-01-07 07:34:37','2020-01-07 07:34:37'),(206,'abcd','abcd6@gmail.com',NULL,'$2y$10$pjbjIeu3VnnSVs/vIriuJervVL6Q3uXUNRq/PL8NMiPF.iPctBASS',NULL,'0','6Bb7JcsRQemp1IeiDVcxsBZouZ5VHv83Sa5BhUjR','false','2020-01-07 09:27:06','2020-01-07 09:27:06'),(207,'abcd','abcd7@gmail.com',NULL,'$2y$10$M3ek42mE3vbL1Zpmuh./zeAiQtb0cZugZEYoaBaiqmWdk7m9QoMIu',NULL,'0','dSbZ59eAtPlfCcGdbjaIVLGYO9DHDyju3E7RvcFh','false','2020-01-07 09:49:45','2020-01-07 09:49:45');
/*!40000 ALTER TABLE `users` ENABLE KEYS */;
UNLOCK TABLES;

--
-- Dumping routines for database 'homestead'
--
/*!40103 SET TIME_ZONE=@OLD_TIME_ZONE */;

/*!40101 SET SQL_MODE=@OLD_SQL_MODE */;
/*!40014 SET FOREIGN_KEY_CHECKS=@OLD_FOREIGN_KEY_CHECKS */;
/*!40014 SET UNIQUE_CHECKS=@OLD_UNIQUE_CHECKS */;
/*!40101 SET CHARACTER_SET_CLIENT=@OLD_CHARACTER_SET_CLIENT */;
/*!40101 SET CHARACTER_SET_RESULTS=@OLD_CHARACTER_SET_RESULTS */;
/*!40101 SET COLLATION_CONNECTION=@OLD_COLLATION_CONNECTION */;
/*!40111 SET SQL_NOTES=@OLD_SQL_NOTES */;

-- Dump completed on 2020-01-08  9:26:01
